{
  "metadata": {
    "variant": "demo",
    "seed": 2032,
    "timestamp": "2026-04-14T18:33:49.835732",
    "config": {
      "batch_size": 32,
      "lr": 0.001,
      "epochs": 10,
      "meta_dropout_p": 0.1,
      "gradient_accumulation_steps": 2,
      "max_grad_norm": 1.0
    },
    "dataset_sizes": {
      "train": 17418,
      "validation": 2183,
      "test": 2198
    },
    "num_parameters": 3819855,
    "pos_weights": [
      1.0,
      2.299999952316284,
      2.440000057220459,
      2.6700000762939453,
      5.579999923706055
    ]
  },
  "validation": {
    "best_auc": 0.9323718127616409,
    "best_delta_meta": 0.00018057301391105618,
    "best_epoch": 10
  },
  "test": {
    "macro_auc": 0.928675197410491,
    "macro_f1_optimal": 0.7473265409918027,
    "macro_f1_fixed": 0.7436405453875441,
    "auc_ecg_only": 0.9286499549456165,
    "auc_fused_only": 0.928675197410491,
    "auc_meta_disabled": 0.9285748887391934,
    "delta_meta_auc": 0.000100308671297622,
    "w_fused": 1.0,
    "thresholds": [
      0.6050000190734863,
      0.5299999713897705,
      0.5299999713897705,
      0.6499999761581421,
      0.5600000023841858
    ]
  },
  "per_class": {
    "NORM": {
      "auc": 0.9480646259790382,
      "f1": 0.8574267262791853,
      "threshold": 0.6050000190734863
    },
    "MI": {
      "auc": 0.9269880847308032,
      "f1": 0.7423580786026202,
      "threshold": 0.5299999713897705
    },
    "STTC": {
      "auc": 0.9373355445756464,
      "f1": 0.7761194029850746,
      "threshold": 0.5299999713897705
    },
    "CD": {
      "auc": 0.9207159034911488,
      "f1": 0.7479338842975205,
      "threshold": 0.6499999761581421
    },
    "HYP": {
      "auc": 0.9102718282758184,
      "f1": 0.6127946127946129,
      "threshold": 0.5600000023841858
    }
  },
  "training_history": [
    {
      "epoch": 1,
      "train_loss": 0.581068252204755,
      "val_auc": 0.8813839742867001,
      "val_f1": 0.6566591465422735,
      "val_auc_fused": 0.8813839742867001,
      "val_auc_ecg": 0.8751196387107127,
      "val_delta_meta": 0.004084187257530458,
      "w_fused": 1.0,
      "lr": 0.0009755527298894294
    },
    {
      "epoch": 2,
      "train_loss": 0.5060650315853434,
      "val_auc": 0.9119206334751506,
      "val_f1": 0.7075536478065969,
      "val_auc_fused": 0.9119206334751506,
      "val_auc_ecg": 0.9116128346862278,
      "val_delta_meta": 0.0003616262881871446,
      "w_fused": 1.0,
      "lr": 0.0009046039886902864
    },
    {
      "epoch": 3,
      "train_loss": 0.47482187857321645,
      "val_auc": 0.9080386254234369,
      "val_f1": 0.7077476599985109,
      "val_auc_fused": 0.9080386254234369,
      "val_auc_ecg": 0.9052626311453075,
      "val_delta_meta": 0.0002702963522602797,
      "w_fused": 1.0,
      "lr": 0.0007940987335200904
    },
    {
      "epoch": 4,
      "train_loss": 0.4515826859605422,
      "val_auc": 0.9209684508826737,
      "val_f1": 0.7269675587568892,
      "val_auc_fused": 0.9209684508826737,
      "val_auc_ecg": 0.9201968035267385,
      "val_delta_meta": 2.495865468232772e-05,
      "w_fused": 1.0,
      "lr": 0.0006548539886902864
    },
    {
      "epoch": 5,
      "train_loss": 0.4314817900504541,
      "val_auc": 0.9252684525137111,
      "val_f1": 0.7368230547429286,
      "val_auc_fused": 0.9252684525137111,
      "val_auc_ecg": 0.9246107534432243,
      "val_delta_meta": -0.00019175029151252687,
      "w_fused": 1.0,
      "lr": 0.0005005000000000001
    },
    {
      "epoch": 6,
      "train_loss": 0.4180553976548921,
      "val_auc": 0.9246703142025531,
      "val_f1": 0.7346872291522754,
      "val_auc_fused": 0.9246703142025531,
      "val_auc_ecg": 0.9248522571508371,
      "val_delta_meta": -0.0001966042921529576,
      "w_fused": 1.0,
      "lr": 0.0003461460113097139
    },
    {
      "epoch": 7,
      "train_loss": 0.4007785981401391,
      "val_auc": 0.9309346754534028,
      "val_f1": 0.7463390184508673,
      "val_auc_fused": 0.9309346754534028,
      "val_auc_ecg": 0.9301104931269546,
      "val_delta_meta": 0.0005277592976732359,
      "w_fused": 1.0,
      "lr": 0.00020690126647990973
    },
    {
      "epoch": 8,
      "train_loss": 0.3817825085799628,
      "val_auc": 0.9309165429981243,
      "val_f1": 0.7447994442019938,
      "val_auc_fused": 0.9309165429981243,
      "val_auc_ecg": 0.9299937194292041,
      "val_delta_meta": 0.0006530370923933937,
      "w_fused": 1.0,
      "lr": 9.639601130971382e-05
    },
    {
      "epoch": 9,
      "train_loss": 0.3650864002628064,
      "val_auc": 0.9302983622919708,
      "val_f1": 0.746090192124022,
      "val_auc_fused": 0.9302983622919708,
      "val_auc_ecg": 0.929371384589834,
      "val_delta_meta": 0.0005337302395084231,
      "w_fused": 1.0,
      "lr": 2.5447270110570814e-05
    },
    {
      "epoch": 10,
      "train_loss": 0.3563615983505862,
      "val_auc": 0.9323718127616409,
      "val_f1": 0.7489822160048127,
      "val_auc_fused": 0.9323718127616409,
      "val_auc_ecg": 0.9320303308318539,
      "val_delta_meta": 0.00018057301391105618,
      "w_fused": 1.0,
      "lr": 0.001
    }
  ]
}