{
  "metadata": {
    "variant": "demo+anthro",
    "seed": 2028,
    "timestamp": "2026-04-14T20:15:09.779542",
    "config": {
      "batch_size": 32,
      "lr": 0.001,
      "epochs": 10,
      "meta_dropout_p": 0.1,
      "gradient_accumulation_steps": 2,
      "max_grad_norm": 1.0
    },
    "dataset_sizes": {
      "train": 17418,
      "validation": 2183,
      "test": 2198
    },
    "num_parameters": 3819855,
    "pos_weights": [
      1.0,
      2.299999952316284,
      2.440000057220459,
      2.6700000762939453,
      5.579999923706055
    ]
  },
  "validation": {
    "best_auc": 0.9343903901824634,
    "best_delta_meta": 0.0005966194503914668,
    "best_epoch": 9
  },
  "test": {
    "macro_auc": 0.9288575654195583,
    "macro_f1_optimal": 0.7438477484393328,
    "macro_f1_fixed": 0.7406544692012457,
    "auc_ecg_only": 0.9271818450343602,
    "auc_fused_only": 0.9288575654195583,
    "auc_meta_disabled": 0.9272065683129525,
    "delta_meta_auc": 0.0016509971066058782,
    "w_fused": 1.0,
    "thresholds": [
      0.48500001430511475,
      0.5899999737739563,
      0.7099999785423279,
      0.5899999737739563,
      0.6200000047683716
    ]
  },
  "per_class": {
    "NORM": {
      "auc": 0.9487650350414738,
      "f1": 0.8596663395485771,
      "threshold": 0.48500001430511475
    },
    "MI": {
      "auc": 0.9286915269196823,
      "f1": 0.7324955116696589,
      "threshold": 0.5899999737739563
    },
    "STTC": {
      "auc": 0.9371020593624709,
      "f1": 0.7707948243992606,
      "threshold": 0.7099999785423279
    },
    "CD": {
      "auc": 0.9168589609946554,
      "f1": 0.7403651115618662,
      "threshold": 0.5899999737739563
    },
    "HYP": {
      "auc": 0.9128702447795093,
      "f1": 0.615916955017301,
      "threshold": 0.6200000047683716
    }
  },
  "training_history": [
    {
      "epoch": 1,
      "train_loss": 0.5739786845281584,
      "val_auc": 0.9035462919928324,
      "val_f1": 0.6757777280070867,
      "val_auc_fused": 0.9026742040467525,
      "val_auc_ecg": 0.9038090948948769,
      "val_delta_meta": 0.00040727705682164217,
      "w_fused": 0.85,
      "lr": 0.0009755527298894294
    },
    {
      "epoch": 2,
      "train_loss": 0.4938833483315389,
      "val_auc": 0.9131902799298427,
      "val_f1": 0.7137496946133499,
      "val_auc_fused": 0.9131902799298427,
      "val_auc_ecg": 0.912451167962774,
      "val_delta_meta": -0.0005820809045991027,
      "w_fused": 1.0,
      "lr": 0.0009046039886902864
    },
    {
      "epoch": 3,
      "train_loss": 0.46777349199176926,
      "val_auc": 0.9144090076951239,
      "val_f1": 0.7087245027159043,
      "val_auc_fused": 0.9144090076951239,
      "val_auc_ecg": 0.9123207633247811,
      "val_delta_meta": 0.0016040213627057653,
      "w_fused": 1.0,
      "lr": 0.0007940987335200904
    },
    {
      "epoch": 4,
      "train_loss": 0.4429114649602033,
      "val_auc": 0.9236665615189441,
      "val_f1": 0.7275310022882395,
      "val_auc_fused": 0.9236665615189441,
      "val_auc_ecg": 0.9225526473145207,
      "val_delta_meta": 5.409677711454286e-06,
      "w_fused": 1.0,
      "lr": 0.0006548539886902864
    },
    {
      "epoch": 5,
      "train_loss": 0.42402923358689754,
      "val_auc": 0.9250173164845628,
      "val_f1": 0.7295471214731701,
      "val_auc_fused": 0.9250173164845628,
      "val_auc_ecg": 0.924133892083822,
      "val_delta_meta": 4.527698107958944e-05,
      "w_fused": 1.0,
      "lr": 0.0005005000000000001
    },
    {
      "epoch": 6,
      "train_loss": 0.40600317976343525,
      "val_auc": 0.9256171953468957,
      "val_f1": 0.7068750592946912,
      "val_auc_fused": 0.9256171953468957,
      "val_auc_ecg": 0.9245529715449374,
      "val_delta_meta": 0.0007216547359196746,
      "w_fused": 1.0,
      "lr": 0.0003461460113097139
    },
    {
      "epoch": 7,
      "train_loss": 0.38946934883747625,
      "val_auc": 0.9333895815488237,
      "val_f1": 0.747136198785918,
      "val_auc_fused": 0.9333895815488237,
      "val_auc_ecg": 0.9322038997854369,
      "val_delta_meta": 0.000708777691566409,
      "w_fused": 1.0,
      "lr": 0.00020690126647990973
    },
    {
      "epoch": 8,
      "train_loss": 0.3700210208192878,
      "val_auc": 0.9338793369375352,
      "val_f1": 0.7530838285840386,
      "val_auc_fused": 0.9338793369375352,
      "val_auc_ecg": 0.932490246600063,
      "val_delta_meta": 0.0009600083256982028,
      "w_fused": 1.0,
      "lr": 9.639601130971382e-05
    },
    {
      "epoch": 9,
      "train_loss": 0.35108534712857065,
      "val_auc": 0.9343903901824634,
      "val_f1": 0.7481747546038764,
      "val_auc_fused": 0.9343903901824634,
      "val_auc_ecg": 0.9333651223054347,
      "val_delta_meta": 0.0005966194503914668,
      "w_fused": 1.0,
      "lr": 2.5447270110570814e-05
    },
    {
      "epoch": 10,
      "train_loss": 0.34169628409617536,
      "val_auc": 0.9338635015950603,
      "val_f1": 0.7533569533232476,
      "val_auc_fused": 0.9338635015950603,
      "val_auc_ecg": 0.9330307592062768,
      "val_delta_meta": 0.00047761374699462067,
      "w_fused": 1.0,
      "lr": 0.001
    }
  ]
}