{
  "metadata": {
    "variant": "demo",
    "seed": 2028,
    "timestamp": "2026-04-14T16:17:34.410795",
    "config": {
      "batch_size": 32,
      "lr": 0.001,
      "epochs": 10,
      "meta_dropout_p": 0.1,
      "gradient_accumulation_steps": 2,
      "max_grad_norm": 1.0
    },
    "dataset_sizes": {
      "train": 17418,
      "validation": 2183,
      "test": 2198
    },
    "num_parameters": 3819855,
    "pos_weights": [
      1.0,
      2.299999952316284,
      2.440000057220459,
      2.6700000762939453,
      5.579999923706055
    ]
  },
  "validation": {
    "best_auc": 0.932560683784655,
    "best_delta_meta": 0.00023894232852350594,
    "best_epoch": 9
  },
  "test": {
    "macro_auc": 0.9280457184333668,
    "macro_f1_optimal": 0.7395915331068883,
    "macro_f1_fixed": 0.7335673339913051,
    "auc_ecg_only": 0.9276081117089282,
    "auc_fused_only": 0.9280457184333668,
    "auc_meta_disabled": 0.9277852566431435,
    "delta_meta_auc": 0.00026046179022332083,
    "w_fused": 1.0,
    "thresholds": [
      0.5450000166893005,
      0.5899999737739563,
      0.6499999761581421,
      0.6349999904632568,
      0.6499999761581421
    ]
  },
  "per_class": {
    "NORM": {
      "auc": 0.9481512311812361,
      "f1": 0.8598598598598599,
      "threshold": 0.5450000166893005
    },
    "MI": {
      "auc": 0.9264563106796118,
      "f1": 0.7267857142857144,
      "threshold": 0.5899999737739563
    },
    "STTC": {
      "auc": 0.9358808401347346,
      "f1": 0.7579505300353357,
      "threshold": 0.6499999761581421
    },
    "CD": {
      "auc": 0.9165545278799136,
      "f1": 0.7468879668049793,
      "threshold": 0.6349999904632568
    },
    "HYP": {
      "auc": 0.9131856822913381,
      "f1": 0.6064735945485519,
      "threshold": 0.6499999761581421
    }
  },
  "training_history": [
    {
      "epoch": 1,
      "train_loss": 0.5784567600543346,
      "val_auc": 0.9003415495278695,
      "val_f1": 0.6783393367109146,
      "val_auc_fused": 0.9003415495278695,
      "val_auc_ecg": 0.8998054690173282,
      "val_delta_meta": 0.0015039768203092274,
      "w_fused": 1.0,
      "lr": 0.0009755527298894294
    },
    {
      "epoch": 2,
      "train_loss": 0.49742118677961716,
      "val_auc": 0.9123237926584705,
      "val_f1": 0.7153478123824379,
      "val_auc_fused": 0.9123237926584705,
      "val_auc_ecg": 0.9111445984894342,
      "val_delta_meta": -0.0008453386979964117,
      "w_fused": 1.0,
      "lr": 0.0009046039886902864
    },
    {
      "epoch": 3,
      "train_loss": 0.47064888712463027,
      "val_auc": 0.9137646961856207,
      "val_f1": 0.7106263549196804,
      "val_auc_fused": 0.9137646961856207,
      "val_auc_ecg": 0.9113379494265222,
      "val_delta_meta": 0.00132236552797238,
      "w_fused": 1.0,
      "lr": 0.0007940987335200904
    },
    {
      "epoch": 4,
      "train_loss": 0.4469461599621204,
      "val_auc": 0.9236482979558385,
      "val_f1": 0.7236409903483921,
      "val_auc_fused": 0.9236482979558385,
      "val_auc_ecg": 0.9218666701301655,
      "val_delta_meta": 0.00010829708953496997,
      "w_fused": 1.0,
      "lr": 0.0006548539886902864
    },
    {
      "epoch": 5,
      "train_loss": 0.42803404191765215,
      "val_auc": 0.9248523837926262,
      "val_f1": 0.72923761812653,
      "val_auc_fused": 0.9248523837926262,
      "val_auc_ecg": 0.9245654634280894,
      "val_delta_meta": -2.9313453940860157e-06,
      "w_fused": 1.0,
      "lr": 0.0005005000000000001
    },
    {
      "epoch": 6,
      "train_loss": 0.40997331779484353,
      "val_auc": 0.9212697937056523,
      "val_f1": 0.6994418821675379,
      "val_auc_fused": 0.9212697937056523,
      "val_auc_ecg": 0.9209371828671757,
      "val_delta_meta": 0.0004300034822269927,
      "w_fused": 1.0,
      "lr": 0.0003461460113097139
    },
    {
      "epoch": 7,
      "train_loss": 0.3927352626115904,
      "val_auc": 0.9309528397864322,
      "val_f1": 0.7432254636512288,
      "val_auc_fused": 0.9309528397864322,
      "val_auc_ecg": 0.9301530988218845,
      "val_delta_meta": 0.0003273376953627505,
      "w_fused": 1.0,
      "lr": 0.00020690126647990973
    },
    {
      "epoch": 8,
      "train_loss": 0.373817266592192,
      "val_auc": 0.9318905263869617,
      "val_f1": 0.7549450485875024,
      "val_auc_fused": 0.9318905263869617,
      "val_auc_ecg": 0.9312236329895095,
      "val_delta_meta": 0.00033014456525193303,
      "w_fused": 1.0,
      "lr": 9.639601130971382e-05
    },
    {
      "epoch": 9,
      "train_loss": 0.35468563967888506,
      "val_auc": 0.932560683784655,
      "val_f1": 0.7437338890263046,
      "val_auc_fused": 0.932560683784655,
      "val_auc_ecg": 0.9322155189941072,
      "val_delta_meta": 0.00023894232852350594,
      "w_fused": 1.0,
      "lr": 2.5447270110570814e-05
    },
    {
      "epoch": 10,
      "train_loss": 0.34573818130777517,
      "val_auc": 0.931656053247931,
      "val_f1": 0.7480934971429336,
      "val_auc_fused": 0.931656053247931,
      "val_auc_ecg": 0.9316572535292623,
      "val_delta_meta": -0.0001156942126463445,
      "w_fused": 1.0,
      "lr": 0.001
    }
  ]
}