{
  "metadata": {
    "variant": "none",
    "seed": 2024,
    "timestamp": "2026-04-15T14:23:59.080599",
    "config": {
      "batch_size": 32,
      "lr": 0.001,
      "epochs": 10,
      "meta_dropout_p": 0.1,
      "gradient_accumulation_steps": 2,
      "max_grad_norm": 1.0
    },
    "dataset_sizes": {
      "train": 17418,
      "validation": 2183,
      "test": 2198
    },
    "num_parameters": 3819855,
    "pos_weights": [
      1.0,
      2.299999952316284,
      2.440000057220459,
      2.6700000762939453,
      5.579999923706055
    ]
  },
  "validation": {
    "best_auc": 0.932071899081547,
    "best_delta_meta": 0.0,
    "best_epoch": 9
  },
  "test": {
    "macro_auc": 0.9280368579729708,
    "macro_f1_optimal": 0.7508810447238764,
    "macro_f1_fixed": 0.7440837911765756,
    "auc_ecg_only": 0.9281548486618469,
    "auc_fused_only": 0.9280368579729708,
    "auc_meta_disabled": 0.9280368579729708,
    "delta_meta_auc": 0.0,
    "w_fused": 1.0,
    "thresholds": [
      0.48500001430511475,
      0.42500001192092896,
      0.5299999713897705,
      0.6949999928474426,
      0.6349999904632568
    ]
  },
  "per_class": {
    "NORM": {
      "auc": 0.9497866400965269,
      "f1": 0.8581113801452784,
      "threshold": 0.48500001430511475
    },
    "MI": {
      "auc": 0.9275033097969991,
      "f1": 0.7359597652975692,
      "threshold": 0.42500001192092896
    },
    "STTC": {
      "auc": 0.9371146492514166,
      "f1": 0.7772848269742679,
      "threshold": 0.5299999713897705
    },
    "CD": {
      "auc": 0.9155748929153558,
      "f1": 0.7576075550891921,
      "threshold": 0.6949999928474426
    },
    "HYP": {
      "auc": 0.910204797804555,
      "f1": 0.6254416961130741,
      "threshold": 0.6349999904632568
    }
  },
  "training_history": [
    {
      "epoch": 1,
      "train_loss": 0.5228461869266054,
      "val_auc": 0.9070232018220203,
      "val_f1": 0.7095795276344103,
      "val_auc_fused": 0.9070232018220203,
      "val_auc_ecg": 0.9052466836273357,
      "val_delta_meta": 0.0,
      "w_fused": 1.0,
      "lr": 0.0009755527298894294
    },
    {
      "epoch": 2,
      "train_loss": 0.44224437622849,
      "val_auc": 0.9142833341295729,
      "val_f1": 0.7164899387337675,
      "val_auc_fused": 0.9142833341295729,
      "val_auc_ecg": 0.9142488984713946,
      "val_delta_meta": 0.0,
      "w_fused": 1.0,
      "lr": 0.0009046039886902864
    },
    {
      "epoch": 3,
      "train_loss": 0.4201585666302147,
      "val_auc": 0.9200454638460233,
      "val_f1": 0.722958320635054,
      "val_auc_fused": 0.9200454638460233,
      "val_auc_ecg": 0.9200129410459829,
      "val_delta_meta": 0.0,
      "w_fused": 1.0,
      "lr": 0.0007940987335200904
    },
    {
      "epoch": 4,
      "train_loss": 0.39682302625354277,
      "val_auc": 0.9236857901584706,
      "val_f1": 0.7154707829100574,
      "val_auc_fused": 0.9236857901584706,
      "val_auc_ecg": 0.922273065103598,
      "val_delta_meta": 0.0,
      "w_fused": 1.0,
      "lr": 0.0006548539886902864
    },
    {
      "epoch": 5,
      "train_loss": 0.37701648626852474,
      "val_auc": 0.9264535941888831,
      "val_f1": 0.7330235713334634,
      "val_auc_fused": 0.9264535941888831,
      "val_auc_ecg": 0.9261055384276926,
      "val_delta_meta": 0.0,
      "w_fused": 1.0,
      "lr": 0.0005005000000000001
    },
    {
      "epoch": 6,
      "train_loss": 0.35578578994908466,
      "val_auc": 0.9254208152515314,
      "val_f1": 0.7330723731193166,
      "val_auc_fused": 0.9254208152515314,
      "val_auc_ecg": 0.9246306974896161,
      "val_delta_meta": 0.0,
      "w_fused": 1.0,
      "lr": 0.0003461460113097139
    },
    {
      "epoch": 7,
      "train_loss": 0.33802338521414943,
      "val_auc": 0.9297718132557489,
      "val_f1": 0.7485868066254233,
      "val_auc_fused": 0.9297718132557489,
      "val_auc_ecg": 0.9295847751963974,
      "val_delta_meta": 0.0,
      "w_fused": 1.0,
      "lr": 0.00020690126647990973
    },
    {
      "epoch": 8,
      "train_loss": 0.32048508087429434,
      "val_auc": 0.9313205380326881,
      "val_f1": 0.7422808498440696,
      "val_auc_fused": 0.9313205380326881,
      "val_auc_ecg": 0.9309164873231481,
      "val_delta_meta": 0.0,
      "w_fused": 1.0,
      "lr": 9.639601130971382e-05
    },
    {
      "epoch": 9,
      "train_loss": 0.3006110315475989,
      "val_auc": 0.932071899081547,
      "val_f1": 0.745159951735702,
      "val_auc_fused": 0.932071899081547,
      "val_auc_ecg": 0.9319110711383176,
      "val_delta_meta": 0.0,
      "w_fused": 1.0,
      "lr": 2.5447270110570814e-05
    },
    {
      "epoch": 10,
      "train_loss": 0.29134571987007735,
      "val_auc": 0.9283894500121719,
      "val_f1": 0.7400017029215964,
      "val_auc_fused": 0.9283894500121719,
      "val_auc_ecg": 0.9282507044269549,
      "val_delta_meta": 0.0,
      "w_fused": 1.0,
      "lr": 0.001
    }
  ]
}