{
  "metadata": {
    "variant": "none",
    "seed": 2025,
    "timestamp": "2026-04-15T19:55:46.613373",
    "config": {
      "batch_size": 32,
      "lr": 0.001,
      "epochs": 10,
      "meta_dropout_p": 0.1,
      "gradient_accumulation_steps": 2,
      "max_grad_norm": 1.0
    },
    "dataset_sizes": {
      "train": 17418,
      "validation": 2183,
      "test": 2198
    },
    "num_parameters": 3819855,
    "pos_weights": [
      1.0,
      2.299999952316284,
      2.440000057220459,
      2.6700000762939453,
      5.579999923706055
    ]
  },
  "validation": {
    "best_auc": 0.9319025068766376,
    "best_delta_meta": 0.0,
    "best_epoch": 10
  },
  "test": {
    "macro_auc": 0.9278433364545663,
    "macro_f1_optimal": 0.7402549753660043,
    "macro_f1_fixed": 0.7443237624311679,
    "auc_ecg_only": 0.9278187366804339,
    "auc_fused_only": 0.9278433364545663,
    "auc_meta_disabled": 0.9278433364545663,
    "delta_meta_auc": 0.0,
    "w_fused": 1.0,
    "thresholds": [
      0.5149999856948853,
      0.6499999761581421,
      0.6800000071525574,
      0.7400000095367432,
      0.5600000023841858
    ]
  },
  "per_class": {
    "NORM": {
      "auc": 0.9462459167328818,
      "f1": 0.8560349006301503,
      "threshold": 0.5149999856948853
    },
    "MI": {
      "auc": 0.9262886142983231,
      "f1": 0.7373358348968105,
      "threshold": 0.6499999761581421
    },
    "STTC": {
      "auc": 0.9337577270443406,
      "f1": 0.7602339181286549,
      "threshold": 0.6800000071525574
    },
    "CD": {
      "auc": 0.921207497820401,
      "f1": 0.7413984461709212,
      "threshold": 0.7400000095367432
    },
    "HYP": {
      "auc": 0.9117169263768847,
      "f1": 0.6062717770034843,
      "threshold": 0.5600000023841858
    }
  },
  "training_history": [
    {
      "epoch": 1,
      "train_loss": 0.5279226841182884,
      "val_auc": 0.8952223066173716,
      "val_f1": 0.6838077525513949,
      "val_auc_fused": 0.8952223066173716,
      "val_auc_ecg": 0.8944314092581603,
      "val_delta_meta": 0.0,
      "w_fused": 1.0,
      "lr": 0.0009755527298894294
    },
    {
      "epoch": 2,
      "train_loss": 0.447653937257758,
      "val_auc": 0.916592751854344,
      "val_f1": 0.7039159314685522,
      "val_auc_fused": 0.916592751854344,
      "val_auc_ecg": 0.9165748535182494,
      "val_delta_meta": 0.0,
      "w_fused": 1.0,
      "lr": 0.0009046039886902864
    },
    {
      "epoch": 3,
      "train_loss": 0.4181509291906969,
      "val_auc": 0.9207675403575928,
      "val_f1": 0.7183944395732699,
      "val_auc_fused": 0.9207675403575928,
      "val_auc_ecg": 0.9217029717668211,
      "val_delta_meta": 0.0,
      "w_fused": 1.0,
      "lr": 0.0007940987335200904
    },
    {
      "epoch": 4,
      "train_loss": 0.3950623840640444,
      "val_auc": 0.9233350426203073,
      "val_f1": 0.73117809912036,
      "val_auc_fused": 0.9233350426203073,
      "val_auc_ecg": 0.9229679893618916,
      "val_delta_meta": 0.0,
      "w_fused": 1.0,
      "lr": 0.0006548539886902864
    },
    {
      "epoch": 5,
      "train_loss": 0.3782718340464688,
      "val_auc": 0.9220880411750105,
      "val_f1": 0.719163620090453,
      "val_auc_fused": 0.9220880411750105,
      "val_auc_ecg": 0.9217705674003117,
      "val_delta_meta": 0.0,
      "w_fused": 1.0,
      "lr": 0.0005005000000000001
    },
    {
      "epoch": 6,
      "train_loss": 0.3608790357998752,
      "val_auc": 0.9275008621750034,
      "val_f1": 0.7371425151489801,
      "val_auc_fused": 0.9275008621750034,
      "val_auc_ecg": 0.9270283097990333,
      "val_delta_meta": 0.0,
      "w_fused": 1.0,
      "lr": 0.0003461460113097139
    },
    {
      "epoch": 7,
      "train_loss": 0.3366400396878566,
      "val_auc": 0.9272677110206887,
      "val_f1": 0.733511494952275,
      "val_auc_fused": 0.9272677110206887,
      "val_auc_ecg": 0.9266525883341439,
      "val_delta_meta": 0.0,
      "w_fused": 1.0,
      "lr": 0.00020690126647990973
    },
    {
      "epoch": 8,
      "train_loss": 0.3222242942370406,
      "val_auc": 0.9305467313359742,
      "val_f1": 0.7450787728309303,
      "val_auc_fused": 0.9305467313359742,
      "val_auc_ecg": 0.9305334762306806,
      "val_delta_meta": 0.0,
      "w_fused": 1.0,
      "lr": 9.639601130971382e-05
    },
    {
      "epoch": 9,
      "train_loss": 0.3071495618295232,
      "val_auc": 0.9298776223904239,
      "val_f1": 0.7388700322876025,
      "val_auc_fused": 0.9298776223904239,
      "val_auc_ecg": 0.9297787464767904,
      "val_delta_meta": 0.0,
      "w_fused": 1.0,
      "lr": 2.5447270110570814e-05
    },
    {
      "epoch": 10,
      "train_loss": 0.29469849207532517,
      "val_auc": 0.9319025068766376,
      "val_f1": 0.7477021294321038,
      "val_auc_fused": 0.9319025068766376,
      "val_auc_ecg": 0.9319245029133464,
      "val_delta_meta": 0.0,
      "w_fused": 1.0,
      "lr": 0.001
    }
  ]
}