{
  "metadata": {
    "variant": "demo+anthro",
    "seed": 2025,
    "timestamp": "2026-04-19T02:46:39.374339",
    "config": {
      "batch_size": 32,
      "lr": 0.001,
      "epochs": 10,
      "meta_dropout_p": 0.1,
      "gradient_accumulation_steps": 2,
      "max_grad_norm": 1.0
    },
    "dataset_sizes": {
      "train": 17418,
      "validation": 2183,
      "test": 2198
    },
    "num_parameters": 3819855,
    "pos_weights": [
      1.0,
      2.299999952316284,
      2.440000057220459,
      2.6700000762939453,
      5.579999923706055
    ]
  },
  "validation": {
    "best_auc": 0.9335663919035492,
    "best_delta_meta": 0.0007877640480288273,
    "best_epoch": 10
  },
  "test": {
    "macro_auc": 0.9291793180395471,
    "macro_f1_optimal": 0.747206469423302,
    "macro_f1_fixed": 0.7451785953948359,
    "auc_ecg_only": 0.9276229268626253,
    "auc_fused_only": 0.9291793180395471,
    "auc_meta_disabled": 0.9278119952835289,
    "delta_meta_auc": 0.0013673227560182522,
    "w_fused": 1.0,
    "thresholds": [
      0.5600000023841858,
      0.45500001311302185,
      0.5299999713897705,
      0.7099999785423279,
      0.48500001430511475
    ]
  },
  "per_class": {
    "NORM": {
      "auc": 0.948910498148078,
      "f1": 0.861583292860612,
      "threshold": 0.5600000023841858
    },
    "MI": {
      "auc": 0.9322804501323918,
      "f1": 0.7506297229219143,
      "threshold": 0.45500001311302185
    },
    "STTC": {
      "auc": 0.9363375097428572,
      "f1": 0.7706255666364461,
      "threshold": 0.5299999713897705
    },
    "CD": {
      "auc": 0.9171657632386945,
      "f1": 0.7535287730727471,
      "threshold": 0.7099999785423279
    },
    "HYP": {
      "auc": 0.9112023689357139,
      "f1": 0.5996649916247906,
      "threshold": 0.48500001430511475
    }
  },
  "training_history": [
    {
      "epoch": 1,
      "train_loss": 0.5778074400687436,
      "val_auc": 0.9008095848691557,
      "val_f1": 0.6898222274865304,
      "val_auc_fused": 0.9008095848691557,
      "val_auc_ecg": 0.8990710012260935,
      "val_delta_meta": 0.0005013639373988577,
      "w_fused": 1.0,
      "lr": 0.0009755527298894294
    },
    {
      "epoch": 2,
      "train_loss": 0.4946093187419646,
      "val_auc": 0.9175043297500359,
      "val_f1": 0.7026748630032541,
      "val_auc_fused": 0.9175043297500359,
      "val_auc_ecg": 0.9174052834913515,
      "val_delta_meta": 0.0007183616746573307,
      "w_fused": 1.0,
      "lr": 0.0009046039886902864
    },
    {
      "epoch": 3,
      "train_loss": 0.4645315239188868,
      "val_auc": 0.9206882245208836,
      "val_f1": 0.7148164915440546,
      "val_auc_fused": 0.9206882245208836,
      "val_auc_ecg": 0.9199962894432108,
      "val_delta_meta": 0.00013727509043981456,
      "w_fused": 1.0,
      "lr": 0.0007940987335200904
    },
    {
      "epoch": 4,
      "train_loss": 0.4409170406674026,
      "val_auc": 0.9266177983488009,
      "val_f1": 0.7351910315441538,
      "val_auc_fused": 0.9266177983488009,
      "val_auc_ecg": 0.9256422512894333,
      "val_delta_meta": 3.7661629511687167e-06,
      "w_fused": 1.0,
      "lr": 0.0006548539886902864
    },
    {
      "epoch": 5,
      "train_loss": 0.4241444197816586,
      "val_auc": 0.925341345940492,
      "val_f1": 0.7269569338932251,
      "val_auc_fused": 0.925341345940492,
      "val_auc_ecg": 0.9240213646988422,
      "val_delta_meta": 0.0013052779812963156,
      "w_fused": 1.0,
      "lr": 0.0005005000000000001
    },
    {
      "epoch": 6,
      "train_loss": 0.40761564065010175,
      "val_auc": 0.9294942255598098,
      "val_f1": 0.7428148769116591,
      "val_auc_fused": 0.9294942255598098,
      "val_auc_ecg": 0.928074334992661,
      "val_delta_meta": 0.0010645366236770037,
      "w_fused": 1.0,
      "lr": 0.0003461460113097139
    },
    {
      "epoch": 7,
      "train_loss": 0.38469407777173803,
      "val_auc": 0.9282470742707302,
      "val_f1": 0.7413457644294312,
      "val_auc_fused": 0.9282470742707302,
      "val_auc_ecg": 0.926772266558012,
      "val_delta_meta": 0.00041384531449040196,
      "w_fused": 1.0,
      "lr": 0.00020690126647990973
    },
    {
      "epoch": 8,
      "train_loss": 0.36860569926030046,
      "val_auc": 0.9320795363429933,
      "val_f1": 0.75103544633777,
      "val_auc_fused": 0.9320795363429933,
      "val_auc_ecg": 0.9307255759686015,
      "val_delta_meta": 0.0006701095864755091,
      "w_fused": 1.0,
      "lr": 9.639601130971382e-05
    },
    {
      "epoch": 9,
      "train_loss": 0.35452428905788913,
      "val_auc": 0.9315671030278778,
      "val_f1": 0.7456103115518913,
      "val_auc_fused": 0.9315671030278778,
      "val_auc_ecg": 0.9301399386644894,
      "val_delta_meta": 0.000991492483773282,
      "w_fused": 1.0,
      "lr": 2.5447270110570814e-05
    },
    {
      "epoch": 10,
      "train_loss": 0.3427380966484,
      "val_auc": 0.9335663919035492,
      "val_f1": 0.7505603161863824,
      "val_auc_fused": 0.9335663919035492,
      "val_auc_ecg": 0.9323162326969789,
      "val_delta_meta": 0.0007877640480288273,
      "w_fused": 1.0,
      "lr": 0.001
    }
  ]
}