{
  "metadata": {
    "variant": "demo",
    "seed": 2026,
    "timestamp": "2026-04-16T01:11:43.659633",
    "config": {
      "batch_size": 32,
      "lr": 0.001,
      "epochs": 10,
      "meta_dropout_p": 0.1,
      "gradient_accumulation_steps": 2,
      "max_grad_norm": 1.0
    },
    "dataset_sizes": {
      "train": 17418,
      "validation": 2183,
      "test": 2198
    },
    "num_parameters": 3819855,
    "pos_weights": [
      1.0,
      2.299999952316284,
      2.440000057220459,
      2.6700000762939453,
      5.579999923706055
    ]
  },
  "validation": {
    "best_auc": 0.9323820552338045,
    "best_delta_meta": 0.00012610811306812408,
    "best_epoch": 9
  },
  "test": {
    "macro_auc": 0.9260216117325559,
    "macro_f1_optimal": 0.741596925344514,
    "macro_f1_fixed": 0.7374833341179149,
    "auc_ecg_only": 0.9270186982217687,
    "auc_fused_only": 0.9260216117325559,
    "auc_meta_disabled": 0.9266296664901112,
    "delta_meta_auc": -0.0006080547575553208,
    "w_fused": 1.0,
    "thresholds": [
      0.5600000023841858,
      0.42500001192092896,
      0.6200000047683716,
      0.6800000071525574,
      0.4699999988079071
    ]
  },
  "per_class": {
    "NORM": {
      "auc": 0.9481369371187375,
      "f1": 0.8608076009501188,
      "threshold": 0.5600000023841858
    },
    "MI": {
      "auc": 0.9268909973521624,
      "f1": 0.736371760500447,
      "threshold": 0.42500001192092896
    },
    "STTC": {
      "auc": 0.9350247276864248,
      "f1": 0.7690875232774673,
      "threshold": 0.6200000047683716
    },
    "CD": {
      "auc": 0.9123031253553694,
      "f1": 0.736275565123789,
      "threshold": 0.6800000071525574
    },
    "HYP": {
      "auc": 0.9077522711500852,
      "f1": 0.6054421768707482,
      "threshold": 0.4699999988079071
    }
  },
  "training_history": [
    {
      "epoch": 1,
      "train_loss": 0.579190586466308,
      "val_auc": 0.8892517026780299,
      "val_f1": 0.657845662940171,
      "val_auc_fused": 0.8892517026780299,
      "val_auc_ecg": 0.8844493597350442,
      "val_delta_meta": 0.0023664397859397557,
      "w_fused": 1.0,
      "lr": 0.0009755527298894294
    },
    {
      "epoch": 2,
      "train_loss": 0.5012074753231959,
      "val_auc": 0.9114011925090569,
      "val_f1": 0.7084060756385823,
      "val_auc_fused": 0.9114011925090569,
      "val_auc_ecg": 0.911624242974106,
      "val_delta_meta": 2.1739797320452503e-05,
      "w_fused": 1.0,
      "lr": 0.0009046039886902864
    },
    {
      "epoch": 3,
      "train_loss": 0.4685094267403314,
      "val_auc": 0.9196747150407759,
      "val_f1": 0.7214766896255703,
      "val_auc_fused": 0.9196747150407759,
      "val_auc_ecg": 0.9182099189289984,
      "val_delta_meta": 7.070452380830705e-05,
      "w_fused": 1.0,
      "lr": 0.0007940987335200904
    },
    {
      "epoch": 4,
      "train_loss": 0.44825884732631366,
      "val_auc": 0.9228046155689391,
      "val_f1": 0.7155433990069813,
      "val_auc_fused": 0.9228046155689391,
      "val_auc_ecg": 0.9221871705906374,
      "val_delta_meta": 0.000586536230903989,
      "w_fused": 1.0,
      "lr": 0.0006548539886902864
    },
    {
      "epoch": 5,
      "train_loss": 0.43216171800543407,
      "val_auc": 0.9235331505233596,
      "val_f1": 0.7300592508765538,
      "val_auc_fused": 0.9235331505233596,
      "val_auc_ecg": 0.9242664023225885,
      "val_delta_meta": -0.0012029260555791454,
      "w_fused": 1.0,
      "lr": 0.0005005000000000001
    },
    {
      "epoch": 6,
      "train_loss": 0.41362771268831483,
      "val_auc": 0.9100959111288194,
      "val_f1": 0.7141195717122424,
      "val_auc_fused": 0.9100959111288194,
      "val_auc_ecg": 0.9101244228680494,
      "val_delta_meta": 0.0006444326791785748,
      "w_fused": 1.0,
      "lr": 0.0003461460113097139
    },
    {
      "epoch": 7,
      "train_loss": 0.3950695140646138,
      "val_auc": 0.9259449306954786,
      "val_f1": 0.7304032492888306,
      "val_auc_fused": 0.9259449306954786,
      "val_auc_ecg": 0.9254983344419779,
      "val_delta_meta": 0.0006510004089715915,
      "w_fused": 1.0,
      "lr": 0.00020690126647990973
    },
    {
      "epoch": 8,
      "train_loss": 0.3771453340392594,
      "val_auc": 0.9316823850105862,
      "val_f1": 0.7490428224552058,
      "val_auc_fused": 0.9316823850105862,
      "val_auc_ecg": 0.9315031308804951,
      "val_delta_meta": 0.0002443396124268693,
      "w_fused": 1.0,
      "lr": 9.639601130971382e-05
    },
    {
      "epoch": 9,
      "train_loss": 0.35853824877957685,
      "val_auc": 0.9323820552338045,
      "val_f1": 0.7529666647604331,
      "val_auc_fused": 0.9323820552338045,
      "val_auc_ecg": 0.9318788827692395,
      "val_delta_meta": 0.00012610811306812408,
      "w_fused": 1.0,
      "lr": 2.5447270110570814e-05
    },
    {
      "epoch": 10,
      "train_loss": 0.34860354973635543,
      "val_auc": 0.931958754235907,
      "val_f1": 0.7518159215602531,
      "val_auc_fused": 0.931958754235907,
      "val_auc_ecg": 0.9322372589771406,
      "val_delta_meta": -0.0007947651017345958,
      "w_fused": 1.0,
      "lr": 0.001
    }
  ]
}