{
  "metadata": {
    "variant": "demo+anthro",
    "seed": 2027,
    "timestamp": "2026-04-14T19:39:56.316201",
    "config": {
      "batch_size": 32,
      "lr": 0.001,
      "epochs": 10,
      "meta_dropout_p": 0.1,
      "gradient_accumulation_steps": 2,
      "max_grad_norm": 1.0
    },
    "dataset_sizes": {
      "train": 17418,
      "validation": 2183,
      "test": 2198
    },
    "num_parameters": 3819855,
    "pos_weights": [
      1.0,
      2.299999952316284,
      2.440000057220459,
      2.6700000762939453,
      5.579999923706055
    ]
  },
  "validation": {
    "best_auc": 0.9334901882088096,
    "best_delta_meta": 0.0003557357334623701,
    "best_epoch": 9
  },
  "test": {
    "macro_auc": 0.92905597078292,
    "macro_f1_optimal": 0.7458422635126891,
    "macro_f1_fixed": 0.7384847758585379,
    "auc_ecg_only": 0.9276982492147923,
    "auc_fused_only": 0.92905597078292,
    "auc_meta_disabled": 0.9279108236282732,
    "delta_meta_auc": 0.001145147154646864,
    "w_fused": 1.0,
    "thresholds": [
      0.45500001311302185,
      0.5299999713897705,
      0.5450000166893005,
      0.6650000214576721,
      0.6349999904632568
    ]
  },
  "per_class": {
    "NORM": {
      "auc": 0.9499102416957804,
      "f1": 0.8583529411764707,
      "threshold": 0.45500001311302185
    },
    "MI": {
      "auc": 0.9328541482789056,
      "f1": 0.7419072615923009,
      "threshold": 0.5299999713897705
    },
    "STTC": {
      "auc": 0.9363890138339989,
      "f1": 0.7753623188405797,
      "threshold": 0.5450000166893005
    },
    "CD": {
      "auc": 0.9156969030741822,
      "f1": 0.7422680412371134,
      "threshold": 0.6650000214576721
    },
    "HYP": {
      "auc": 0.910429547031733,
      "f1": 0.6113207547169811,
      "threshold": 0.6349999904632568
    }
  },
  "training_history": [
    {
      "epoch": 1,
      "train_loss": 0.5729654034890166,
      "val_auc": 0.900449035228165,
      "val_f1": 0.6605841852159069,
      "val_auc_fused": 0.900449035228165,
      "val_auc_ecg": 0.8973545151990174,
      "val_delta_meta": 0.0012827433073852035,
      "w_fused": 1.0,
      "lr": 0.0009755527298894294
    },
    {
      "epoch": 2,
      "train_loss": 0.4995233224619419,
      "val_auc": 0.9116749933732129,
      "val_f1": 0.7076561991567385,
      "val_auc_fused": 0.9116749933732129,
      "val_auc_ecg": 0.909691307922216,
      "val_delta_meta": 0.0011904354837928288,
      "w_fused": 1.0,
      "lr": 0.0009046039886902864
    },
    {
      "epoch": 3,
      "train_loss": 0.46902535697188946,
      "val_auc": 0.9176547121534474,
      "val_f1": 0.712786148263682,
      "val_auc_fused": 0.9176547121534474,
      "val_auc_ecg": 0.9154857578480018,
      "val_delta_meta": 0.0012654036208663566,
      "w_fused": 1.0,
      "lr": 0.0007940987335200904
    },
    {
      "epoch": 4,
      "train_loss": 0.4424109421191959,
      "val_auc": 0.9215899844051709,
      "val_f1": 0.729964944668062,
      "val_auc_fused": 0.9215899844051709,
      "val_auc_ecg": 0.9194197775453172,
      "val_delta_meta": 0.0011212506678373035,
      "w_fused": 1.0,
      "lr": 0.0006548539886902864
    },
    {
      "epoch": 5,
      "train_loss": 0.42576053558139626,
      "val_auc": 0.9265036008541341,
      "val_f1": 0.7313824111322645,
      "val_auc_fused": 0.9265036008541341,
      "val_auc_ecg": 0.9264710900842626,
      "val_delta_meta": -9.825085438042169e-05,
      "w_fused": 1.0,
      "lr": 0.0005005000000000001
    },
    {
      "epoch": 6,
      "train_loss": 0.4073341477354732,
      "val_auc": 0.9237287065871671,
      "val_f1": 0.7307529384875908,
      "val_auc_fused": 0.9237287065871671,
      "val_auc_ecg": 0.9223649692524557,
      "val_delta_meta": -0.00033272692461083775,
      "w_fused": 1.0,
      "lr": 0.0003461460113097139
    },
    {
      "epoch": 7,
      "train_loss": 0.39122046169337876,
      "val_auc": 0.9274425617753759,
      "val_f1": 0.7387233542199239,
      "val_auc_fused": 0.9274425617753759,
      "val_auc_ecg": 0.9271425445367271,
      "val_delta_meta": -0.00019932521085797017,
      "w_fused": 1.0,
      "lr": 0.00020690126647990973
    },
    {
      "epoch": 8,
      "train_loss": 0.37047879750575496,
      "val_auc": 0.9317115847933939,
      "val_f1": 0.7455173236791094,
      "val_auc_fused": 0.9317115847933939,
      "val_auc_ecg": 0.9310688091127378,
      "val_delta_meta": -1.7727873032669095e-05,
      "w_fused": 1.0,
      "lr": 9.639601130971382e-05
    },
    {
      "epoch": 9,
      "train_loss": 0.3564630454559939,
      "val_auc": 0.9334901882088096,
      "val_f1": 0.7486061455701061,
      "val_auc_fused": 0.9334901882088096,
      "val_auc_ecg": 0.9326788948154803,
      "val_delta_meta": 0.0003557357334623701,
      "w_fused": 1.0,
      "lr": 2.5447270110570814e-05
    },
    {
      "epoch": 10,
      "train_loss": 0.34341230876402024,
      "val_auc": 0.9332134320824121,
      "val_f1": 0.745797955131335,
      "val_auc_fused": 0.9332134320824121,
      "val_auc_ecg": 0.932433121935542,
      "val_delta_meta": 0.0003503265601685346,
      "w_fused": 1.0,
      "lr": 0.001
    }
  ]
}