{
  "metadata": {
    "variant": "none",
    "seed": 2028,
    "timestamp": "2026-04-15T23:56:46.598393",
    "config": {
      "batch_size": 32,
      "lr": 0.001,
      "epochs": 10,
      "meta_dropout_p": 0.1,
      "gradient_accumulation_steps": 2,
      "max_grad_norm": 1.0
    },
    "dataset_sizes": {
      "train": 17418,
      "validation": 2183,
      "test": 2198
    },
    "num_parameters": 3819855,
    "pos_weights": [
      1.0,
      2.299999952316284,
      2.440000057220459,
      2.6700000762939453,
      5.579999923706055
    ]
  },
  "validation": {
    "best_auc": 0.9331456815565875,
    "best_delta_meta": 0.0,
    "best_epoch": 9
  },
  "test": {
    "macro_auc": 0.9284505708508837,
    "macro_f1_optimal": 0.7463792211432183,
    "macro_f1_fixed": 0.7385743925774543,
    "auc_ecg_only": 0.9281257042283869,
    "auc_fused_only": 0.9284505708508837,
    "auc_meta_disabled": 0.9284505708508837,
    "delta_meta_auc": 0.0,
    "w_fused": 1.0,
    "thresholds": [
      0.5149999856948853,
      0.48500001430511475,
      0.6499999761581421,
      0.6949999928474426,
      0.6499999761581421
    ]
  },
  "per_class": {
    "NORM": {
      "auc": 0.9492283308318724,
      "f1": 0.8599801390268123,
      "threshold": 0.5149999856948853
    },
    "MI": {
      "auc": 0.9271855692850838,
      "f1": 0.7452667814113598,
      "threshold": 0.48500001430511475
    },
    "STTC": {
      "auc": 0.9361498059440299,
      "f1": 0.7570921985815603,
      "threshold": 0.6499999761581421
    },
    "CD": {
      "auc": 0.91697267920094,
      "f1": 0.739084132055378,
      "threshold": 0.6949999928474426
    },
    "HYP": {
      "auc": 0.9127164689924925,
      "f1": 0.6304728546409807,
      "threshold": 0.6499999761581421
    }
  },
  "training_history": [
    {
      "epoch": 1,
      "train_loss": 0.5268918205291853,
      "val_auc": 0.9014029830721387,
      "val_f1": 0.6691751379911961,
      "val_auc_fused": 0.9014029830721387,
      "val_auc_ecg": 0.9008377839062456,
      "val_delta_meta": 0.0,
      "w_fused": 1.0,
      "lr": 0.0009755527298894294
    },
    {
      "epoch": 2,
      "train_loss": 0.44546874384267615,
      "val_auc": 0.9084623927486625,
      "val_f1": 0.7070185997621803,
      "val_auc_fused": 0.9084623927486625,
      "val_auc_ecg": 0.9070275914405006,
      "val_delta_meta": 0.0,
      "w_fused": 1.0,
      "lr": 0.0009046039886902864
    },
    {
      "epoch": 3,
      "train_loss": 0.41855409916387787,
      "val_auc": 0.9145335677297279,
      "val_f1": 0.7097553374708141,
      "val_auc_fused": 0.9145335677297279,
      "val_auc_ecg": 0.9139081307898259,
      "val_delta_meta": 0.0,
      "w_fused": 1.0,
      "lr": 0.0007940987335200904
    },
    {
      "epoch": 4,
      "train_loss": 0.39364560197252746,
      "val_auc": 0.924269210625502,
      "val_f1": 0.7302636647417188,
      "val_auc_fused": 0.924269210625502,
      "val_auc_ecg": 0.9223534512917133,
      "val_delta_meta": 0.0,
      "w_fused": 1.0,
      "lr": 0.0006548539886902864
    },
    {
      "epoch": 5,
      "train_loss": 0.37641589811088844,
      "val_auc": 0.9240979635380956,
      "val_f1": 0.7271794502309403,
      "val_auc_fused": 0.9240979635380956,
      "val_auc_ecg": 0.9236071121799488,
      "val_delta_meta": 0.0,
      "w_fused": 1.0,
      "lr": 0.0005005000000000001
    },
    {
      "epoch": 6,
      "train_loss": 0.3585191004320022,
      "val_auc": 0.9229392353584311,
      "val_f1": 0.7070292067708823,
      "val_auc_fused": 0.9229392353584311,
      "val_auc_ecg": 0.9216842941224593,
      "val_delta_meta": 0.0,
      "w_fused": 1.0,
      "lr": 0.0003461460113097139
    },
    {
      "epoch": 7,
      "train_loss": 0.3412728052620494,
      "val_auc": 0.9312963749160359,
      "val_f1": 0.7406774013503366,
      "val_auc_fused": 0.9312963749160359,
      "val_auc_ecg": 0.9308957129125451,
      "val_delta_meta": 0.0,
      "w_fused": 1.0,
      "lr": 0.00020690126647990973
    },
    {
      "epoch": 8,
      "train_loss": 0.3225208869494429,
      "val_auc": 0.9310154082655476,
      "val_f1": 0.7437512107381384,
      "val_auc_fused": 0.9310154082655476,
      "val_auc_ecg": 0.9304813406104699,
      "val_delta_meta": 0.0,
      "w_fused": 1.0,
      "lr": 9.639601130971382e-05
    },
    {
      "epoch": 9,
      "train_loss": 0.3046790417728074,
      "val_auc": 0.9331456815565875,
      "val_f1": 0.7436477558729163,
      "val_auc_fused": 0.9331456815565875,
      "val_auc_ecg": 0.9326569826425534,
      "val_delta_meta": 0.0,
      "w_fused": 1.0,
      "lr": 2.5447270110570814e-05
    },
    {
      "epoch": 10,
      "train_loss": 0.2962309464948987,
      "val_auc": 0.9326078629748832,
      "val_f1": 0.7434204517082305,
      "val_auc_fused": 0.9326078629748832,
      "val_auc_ecg": 0.9322223143779995,
      "val_delta_meta": 0.0,
      "w_fused": 1.0,
      "lr": 0.001
    }
  ]
}