{
  "metadata": {
    "variant": "demo",
    "seed": 2024,
    "timestamp": "2026-04-15T22:38:48.038072",
    "config": {
      "batch_size": 32,
      "lr": 0.001,
      "epochs": 10,
      "meta_dropout_p": 0.1,
      "gradient_accumulation_steps": 2,
      "max_grad_norm": 1.0
    },
    "dataset_sizes": {
      "train": 17418,
      "validation": 2183,
      "test": 2198
    },
    "num_parameters": 3819855,
    "pos_weights": [
      1.0,
      2.299999952316284,
      2.440000057220459,
      2.6700000762939453,
      5.579999923706055
    ]
  },
  "validation": {
    "best_auc": 0.933309786792657,
    "best_delta_meta": 0.000419287838862914,
    "best_epoch": 9
  },
  "test": {
    "macro_auc": 0.9280073383951674,
    "macro_f1_optimal": 0.7436232194061746,
    "macro_f1_fixed": 0.7413472126028117,
    "auc_ecg_only": 0.9273228708340634,
    "auc_fused_only": 0.9280073383951674,
    "auc_meta_disabled": 0.9275618924299719,
    "delta_meta_auc": 0.00044544596519546786,
    "w_fused": 1.0,
    "thresholds": [
      0.5450000166893005,
      0.42500001192092896,
      0.5600000023841858,
      0.7699999809265137,
      0.6650000214576721
    ]
  },
  "per_class": {
    "NORM": {
      "auc": 0.9503146795817726,
      "f1": 0.8623402163225172,
      "threshold": 0.5450000166893005
    },
    "MI": {
      "auc": 0.926721094439541,
      "f1": 0.7294117647058823,
      "threshold": 0.42500001192092896
    },
    "STTC": {
      "auc": 0.9358808401347346,
      "f1": 0.7693693693693693,
      "threshold": 0.5600000023841858
    },
    "CD": {
      "auc": 0.917370692922937,
      "f1": 0.7453954496208018,
      "threshold": 0.7699999809265137
    },
    "HYP": {
      "auc": 0.9097493848968519,
      "f1": 0.6115992970123023,
      "threshold": 0.6650000214576721
    }
  },
  "training_history": [
    {
      "epoch": 1,
      "train_loss": 0.5736780484881969,
      "val_auc": 0.9080506934165606,
      "val_f1": 0.7100184512486812,
      "val_auc_fused": 0.9080506934165606,
      "val_auc_ecg": 0.9046911859959144,
      "val_delta_meta": 0.0014649692890054133,
      "w_fused": 1.0,
      "lr": 0.0009755527298894294
    },
    {
      "epoch": 2,
      "train_loss": 0.4914136167513121,
      "val_auc": 0.9129990391375433,
      "val_f1": 0.7110163305121182,
      "val_auc_fused": 0.9129990391375433,
      "val_auc_ecg": 0.9109650055983746,
      "val_delta_meta": 0.0006400306825237179,
      "w_fused": 1.0,
      "lr": 0.0009046039886902864
    },
    {
      "epoch": 3,
      "train_loss": 0.472622552596101,
      "val_auc": 0.9206351029959459,
      "val_f1": 0.7240336170811237,
      "val_auc_fused": 0.9206351029959459,
      "val_auc_ecg": 0.9202354166550568,
      "val_delta_meta": -0.0006966513149185838,
      "w_fused": 1.0,
      "lr": 0.0007940987335200904
    },
    {
      "epoch": 4,
      "train_loss": 0.4511536401346189,
      "val_auc": 0.9250650854188944,
      "val_f1": 0.7200549462832175,
      "val_auc_fused": 0.9250650854188944,
      "val_auc_ecg": 0.9230852719697668,
      "val_delta_meta": 0.0001485664405678211,
      "w_fused": 1.0,
      "lr": 0.0006548539886902864
    },
    {
      "epoch": 5,
      "train_loss": 0.4299794953897459,
      "val_auc": 0.9273704387458537,
      "val_f1": 0.7355331201183652,
      "val_auc_fused": 0.9273704387458537,
      "val_auc_ecg": 0.9255682574407025,
      "val_delta_meta": 0.00084018822202514,
      "w_fused": 1.0,
      "lr": 0.0005005000000000001
    },
    {
      "epoch": 6,
      "train_loss": 0.4100565015176021,
      "val_auc": 0.9280577084719643,
      "val_f1": 0.7367188900770496,
      "val_auc_fused": 0.9280577084719643,
      "val_auc_ecg": 0.9268197373026194,
      "val_delta_meta": 0.0002023020016967969,
      "w_fused": 1.0,
      "lr": 0.0003461460113097139
    },
    {
      "epoch": 7,
      "train_loss": 0.39285271698181784,
      "val_auc": 0.9315871890114138,
      "val_f1": 0.7457123527986764,
      "val_auc_fused": 0.9315871890114138,
      "val_auc_ecg": 0.9302117626415225,
      "val_delta_meta": 0.0003619779881063323,
      "w_fused": 1.0,
      "lr": 0.00020690126647990973
    },
    {
      "epoch": 8,
      "train_loss": 0.3747351195013851,
      "val_auc": 0.9316750812543262,
      "val_f1": 0.7407725573107153,
      "val_auc_fused": 0.9316750812543262,
      "val_auc_ecg": 0.9304285095390898,
      "val_delta_meta": 0.0004188115055241415,
      "w_fused": 1.0,
      "lr": 9.639601130971382e-05
    },
    {
      "epoch": 9,
      "train_loss": 0.35615523082947514,
      "val_auc": 0.933309786792657,
      "val_f1": 0.7463973508112883,
      "val_auc_fused": 0.933309786792657,
      "val_auc_ecg": 0.9323355106052802,
      "val_delta_meta": 0.000419287838862914,
      "w_fused": 1.0,
      "lr": 2.5447270110570814e-05
    },
    {
      "epoch": 10,
      "train_loss": 0.34719692290922916,
      "val_auc": 0.9315981557487664,
      "val_f1": 0.7472483609852361,
      "val_auc_fused": 0.9315981557487664,
      "val_auc_ecg": 0.9305997243221162,
      "val_delta_meta": 0.00047022526781337337,
      "w_fused": 1.0,
      "lr": 0.001
    }
  ]
}