{
  "metadata": {
    "variant": "demo+anthro",
    "seed": 2032,
    "timestamp": "2026-04-14T22:25:32.377867",
    "config": {
      "batch_size": 32,
      "lr": 0.001,
      "epochs": 10,
      "meta_dropout_p": 0.1,
      "gradient_accumulation_steps": 2,
      "max_grad_norm": 1.0
    },
    "dataset_sizes": {
      "train": 17418,
      "validation": 2183,
      "test": 2198
    },
    "num_parameters": 3819855,
    "pos_weights": [
      1.0,
      2.299999952316284,
      2.440000057220459,
      2.6700000762939453,
      5.579999923706055
    ]
  },
  "validation": {
    "best_auc": 0.9323641147028667,
    "best_delta_meta": 0.0004323031605477645,
    "best_epoch": 10
  },
  "test": {
    "macro_auc": 0.9288093063432281,
    "macro_f1_optimal": 0.7462753865185021,
    "macro_f1_fixed": 0.747472254846697,
    "auc_ecg_only": 0.9278116356040835,
    "auc_fused_only": 0.9288093063432281,
    "auc_meta_disabled": 0.9273825769511725,
    "delta_meta_auc": 0.0014267293920555701,
    "w_fused": 1.0,
    "thresholds": [
      0.5450000166893005,
      0.5450000166893005,
      0.5600000023841858,
      0.5899999737739563,
      0.6949999928474426
    ]
  },
  "per_class": {
    "NORM": {
      "auc": 0.949061847045123,
      "f1": 0.8589618021547503,
      "threshold": 0.5450000166893005
    },
    "MI": {
      "auc": 0.9315158870255958,
      "f1": 0.7521968365553604,
      "threshold": 0.5450000166893005
    },
    "STTC": {
      "auc": 0.9386368812784919,
      "f1": 0.7696476964769648,
      "threshold": 0.5600000023841858
    },
    "CD": {
      "auc": 0.9192837648307493,
      "f1": 0.7517447657028913,
      "threshold": 0.5899999737739563
    },
    "HYP": {
      "auc": 0.9055481515361808,
      "f1": 0.5988258317025441,
      "threshold": 0.6949999928474426
    }
  },
  "training_history": [
    {
      "epoch": 1,
      "train_loss": 0.5787092315494468,
      "val_auc": 0.8840082784308224,
      "val_f1": 0.6517983919569428,
      "val_auc_fused": 0.8840082784308224,
      "val_auc_ecg": 0.8789837132576768,
      "val_delta_meta": 0.002648760417463647,
      "w_fused": 1.0,
      "lr": 0.0009755527298894294
    },
    {
      "epoch": 2,
      "train_loss": 0.5004407189307957,
      "val_auc": 0.9154438659313285,
      "val_f1": 0.710022024947213,
      "val_auc_fused": 0.9154438659313285,
      "val_auc_ecg": 0.9138057199203103,
      "val_delta_meta": 0.0008384633759647153,
      "w_fused": 1.0,
      "lr": 0.0009046039886902864
    },
    {
      "epoch": 3,
      "train_loss": 0.47012804987233714,
      "val_auc": 0.9117999326895735,
      "val_f1": 0.7120266549216173,
      "val_auc_fused": 0.9117999326895735,
      "val_auc_ecg": 0.9091849232556799,
      "val_delta_meta": -9.22286126195937e-05,
      "w_fused": 1.0,
      "lr": 0.0007940987335200904
    },
    {
      "epoch": 4,
      "train_loss": 0.4470313142199035,
      "val_auc": 0.9213662235018226,
      "val_f1": 0.7299932056806415,
      "val_auc_fused": 0.9213662235018226,
      "val_auc_ecg": 0.9196664999237996,
      "val_delta_meta": 0.0001953169126377441,
      "w_fused": 1.0,
      "lr": 0.0006548539886902864
    },
    {
      "epoch": 5,
      "train_loss": 0.4262120003000312,
      "val_auc": 0.9248031060954318,
      "val_f1": 0.7288501570770075,
      "val_auc_fused": 0.9248031060954318,
      "val_auc_ecg": 0.9237918118391889,
      "val_delta_meta": -0.0006201914501667849,
      "w_fused": 1.0,
      "lr": 0.0005005000000000001
    },
    {
      "epoch": 6,
      "train_loss": 0.4123084532558371,
      "val_auc": 0.9248848121789681,
      "val_f1": 0.7349381358880468,
      "val_auc_fused": 0.9248848121789681,
      "val_auc_ecg": 0.9248924950729396,
      "val_delta_meta": -0.00012048278066034701,
      "w_fused": 1.0,
      "lr": 0.0003461460113097139
    },
    {
      "epoch": 7,
      "train_loss": 0.39406287126038053,
      "val_auc": 0.9309341083315725,
      "val_f1": 0.7394115140296096,
      "val_auc_fused": 0.9309341083315725,
      "val_auc_ecg": 0.9296072452653441,
      "val_delta_meta": 0.0009144713326616483,
      "w_fused": 1.0,
      "lr": 0.00020690126647990973
    },
    {
      "epoch": 8,
      "train_loss": 0.3754467499912332,
      "val_auc": 0.9310056807027391,
      "val_f1": 0.7416859909432925,
      "val_auc_fused": 0.9310056807027391,
      "val_auc_ecg": 0.929915124342074,
      "val_delta_meta": 0.0012732369652304065,
      "w_fused": 1.0,
      "lr": 9.639601130971382e-05
    },
    {
      "epoch": 9,
      "train_loss": 0.35908371595614547,
      "val_auc": 0.929330974864196,
      "val_f1": 0.7405290130125495,
      "val_auc_fused": 0.929330974864196,
      "val_auc_ecg": 0.9281472053590674,
      "val_delta_meta": 0.0007104557997341665,
      "w_fused": 1.0,
      "lr": 2.5447270110570814e-05
    },
    {
      "epoch": 10,
      "train_loss": 0.35032973841789666,
      "val_auc": 0.9323641147028667,
      "val_f1": 0.7464826185492879,
      "val_auc_fused": 0.9323641147028667,
      "val_auc_ecg": 0.9314904671002177,
      "val_delta_meta": 0.0004323031605477645,
      "w_fused": 1.0,
      "lr": 0.001
    }
  ]
}