{
  "metadata": {
    "variant": "none",
    "seed": 2031,
    "timestamp": "2026-04-14T13:51:46.044427",
    "config": {
      "batch_size": 32,
      "lr": 0.001,
      "epochs": 10,
      "meta_dropout_p": 0.1,
      "gradient_accumulation_steps": 2,
      "max_grad_norm": 1.0
    },
    "dataset_sizes": {
      "train": 17418,
      "validation": 2183,
      "test": 2198
    },
    "num_parameters": 3819855,
    "pos_weights": [
      1.0,
      2.299999952316284,
      2.440000057220459,
      2.6700000762939453,
      5.579999923706055
    ]
  },
  "validation": {
    "best_auc": 0.9307319947224533,
    "best_delta_meta": 0.0,
    "best_epoch": 10
  },
  "test": {
    "macro_auc": 0.9264410497854451,
    "macro_f1_optimal": 0.7335974281546385,
    "macro_f1_fixed": 0.7400561525701184,
    "auc_ecg_only": 0.9262344588249704,
    "auc_fused_only": 0.9264410497854451,
    "auc_meta_disabled": 0.9264410497854451,
    "delta_meta_auc": 0.0,
    "w_fused": 1.0,
    "thresholds": [
      0.45500001311302185,
      0.6650000214576721,
      0.45500001311302185,
      0.5899999737739563,
      0.574999988079071
    ]
  },
  "per_class": {
    "NORM": {
      "auc": 0.9483042617326926,
      "f1": 0.8560570071258907,
      "threshold": 0.45500001311302185
    },
    "MI": {
      "auc": 0.9268027360988524,
      "f1": 0.7101727447216891,
      "threshold": 0.6650000214576721
    },
    "STTC": {
      "auc": 0.9342739124911156,
      "f1": 0.753202391118702,
      "threshold": 0.45500001311302185
    },
    "CD": {
      "auc": 0.9180174652211819,
      "f1": 0.7464788732394366,
      "threshold": 0.5899999737739563
    },
    "HYP": {
      "auc": 0.9048068733833827,
      "f1": 0.6020761245674741,
      "threshold": 0.574999988079071
    }
  },
  "training_history": [
    {
      "epoch": 1,
      "train_loss": 0.5291150743808222,
      "val_auc": 0.8967181117806617,
      "val_f1": 0.6831594671460811,
      "val_auc_fused": 0.8967181117806617,
      "val_auc_ecg": 0.8945052503927642,
      "val_delta_meta": 0.0,
      "w_fused": 1.0,
      "lr": 0.0009755527298894294
    },
    {
      "epoch": 2,
      "train_loss": 0.4504800959191191,
      "val_auc": 0.9100251092021295,
      "val_f1": 0.7034177424407202,
      "val_auc_fused": 0.9100251092021295,
      "val_auc_ecg": 0.9101671685582055,
      "val_delta_meta": 0.0,
      "w_fused": 1.0,
      "lr": 0.0009046039886902864
    },
    {
      "epoch": 3,
      "train_loss": 0.4203211332406473,
      "val_auc": 0.907567143814148,
      "val_f1": 0.682945829675741,
      "val_auc_fused": 0.907567143814148,
      "val_auc_ecg": 0.9079446234620054,
      "val_delta_meta": 0.0,
      "w_fused": 1.0,
      "lr": 0.0007940987335200904
    },
    {
      "epoch": 4,
      "train_loss": 0.39511534954429767,
      "val_auc": 0.9241489757742436,
      "val_f1": 0.7277519273519353,
      "val_auc_fused": 0.9241489757742436,
      "val_auc_ecg": 0.9243761904500521,
      "val_delta_meta": 0.0,
      "w_fused": 1.0,
      "lr": 0.0006548539886902864
    },
    {
      "epoch": 5,
      "train_loss": 0.37723367545036,
      "val_auc": 0.9221737959534554,
      "val_f1": 0.7307764867823056,
      "val_auc_fused": 0.9221737959534554,
      "val_auc_ecg": 0.9216602351082812,
      "val_delta_meta": 0.0,
      "w_fused": 1.0,
      "lr": 0.0005005000000000001
    },
    {
      "epoch": 6,
      "train_loss": 0.36029376781314887,
      "val_auc": 0.9231222077411495,
      "val_f1": 0.7294878498271395,
      "val_auc_fused": 0.9231222077411495,
      "val_auc_ecg": 0.9230630328755403,
      "val_delta_meta": 0.0,
      "w_fused": 1.0,
      "lr": 0.0003461460113097139
    },
    {
      "epoch": 7,
      "train_loss": 0.34056815045689226,
      "val_auc": 0.9277155638921147,
      "val_f1": 0.7427812079022409,
      "val_auc_fused": 0.9277155638921147,
      "val_auc_ecg": 0.9280972922764497,
      "val_delta_meta": 0.0,
      "w_fused": 1.0,
      "lr": 0.00020690126647990973
    },
    {
      "epoch": 8,
      "train_loss": 0.3215932008049904,
      "val_auc": 0.9283857960693256,
      "val_f1": 0.7436973466121424,
      "val_auc_fused": 0.9283857960693256,
      "val_auc_ecg": 0.928925469590463,
      "val_delta_meta": 0.0,
      "w_fused": 1.0,
      "lr": 9.639601130971382e-05
    },
    {
      "epoch": 9,
      "train_loss": 0.30821811444715624,
      "val_auc": 0.9298579464056853,
      "val_f1": 0.7445790290032794,
      "val_auc_fused": 0.9298579464056853,
      "val_auc_ecg": 0.9305125914840554,
      "val_delta_meta": 0.0,
      "w_fused": 1.0,
      "lr": 2.5447270110570814e-05
    },
    {
      "epoch": 10,
      "train_loss": 0.2945338332871778,
      "val_auc": 0.9307319947224533,
      "val_f1": 0.7445421366434564,
      "val_auc_fused": 0.9307319947224533,
      "val_auc_ecg": 0.9312323449326886,
      "val_delta_meta": 0.0,
      "w_fused": 1.0,
      "lr": 0.001
    }
  ]
}