{
  "metadata": {
    "variant": "demo",
    "seed": 2031,
    "timestamp": "2026-04-14T18:01:05.150008",
    "config": {
      "batch_size": 32,
      "lr": 0.001,
      "epochs": 10,
      "meta_dropout_p": 0.1,
      "gradient_accumulation_steps": 2,
      "max_grad_norm": 1.0
    },
    "dataset_sizes": {
      "train": 17418,
      "validation": 2183,
      "test": 2198
    },
    "num_parameters": 3819855,
    "pos_weights": [
      1.0,
      2.299999952316284,
      2.440000057220459,
      2.6700000762939453,
      5.579999923706055
    ]
  },
  "validation": {
    "best_auc": 0.9327362298001933,
    "best_delta_meta": 0.00022469854918227838,
    "best_epoch": 10
  },
  "test": {
    "macro_auc": 0.9264745380606941,
    "macro_f1_optimal": 0.7430981033542345,
    "macro_f1_fixed": 0.7365867592994102,
    "auc_ecg_only": 0.9264716161221529,
    "auc_fused_only": 0.9264745380606941,
    "auc_meta_disabled": 0.9263524540195123,
    "delta_meta_auc": 0.000122084041181858,
    "w_fused": 1.0,
    "thresholds": [
      0.5600000023841858,
      0.4699999988079071,
      0.6800000071525574,
      0.7099999785423279,
      0.5299999713897705
    ]
  },
  "per_class": {
    "NORM": {
      "auc": 0.9498160690487301,
      "f1": 0.8633023027927487,
      "threshold": 0.5600000023841858
    },
    "MI": {
      "auc": 0.9249955869373345,
      "f1": 0.731128074639525,
      "threshold": 0.4699999988079071
    },
    "STTC": {
      "auc": 0.9359632466805614,
      "f1": 0.7645376549094376,
      "threshold": 0.6800000071525574
    },
    "CD": {
      "auc": 0.9136286531973768,
      "f1": 0.748414376321353,
      "threshold": 0.7099999785423279
    },
    "HYP": {
      "auc": 0.9079691344394676,
      "f1": 0.6081081081081081,
      "threshold": 0.5299999713897705
    }
  },
  "training_history": [
    {
      "epoch": 1,
      "train_loss": 0.5813884054302075,
      "val_auc": 0.8982394392143597,
      "val_f1": 0.68931714130824,
      "val_auc_fused": 0.8982394392143597,
      "val_auc_ecg": 0.892832690337236,
      "val_delta_meta": 0.0010438212080865483,
      "w_fused": 1.0,
      "lr": 0.0009755527298894294
    },
    {
      "epoch": 2,
      "train_loss": 0.5021584174501786,
      "val_auc": 0.910467313794111,
      "val_f1": 0.7083999629290747,
      "val_auc_fused": 0.910467313794111,
      "val_auc_ecg": 0.9094095868029133,
      "val_delta_meta": 0.0016638621124384079,
      "w_fused": 1.0,
      "lr": 0.0009046039886902864
    },
    {
      "epoch": 3,
      "train_loss": 0.4724941662145317,
      "val_auc": 0.9082262363356227,
      "val_f1": 0.691132371355787,
      "val_auc_fused": 0.9082262363356227,
      "val_auc_ecg": 0.9077125989387202,
      "val_delta_meta": -0.0003343371361805847,
      "w_fused": 1.0,
      "lr": 0.0007940987335200904
    },
    {
      "epoch": 4,
      "train_loss": 0.44616039069967534,
      "val_auc": 0.9252035939811133,
      "val_f1": 0.7246705155515275,
      "val_auc_fused": 0.9252035939811133,
      "val_auc_ecg": 0.9240778110923641,
      "val_delta_meta": 0.0006516562849482321,
      "w_fused": 1.0,
      "lr": 0.0006548539886902864
    },
    {
      "epoch": 5,
      "train_loss": 0.4288358240499409,
      "val_auc": 0.9246543536714643,
      "val_f1": 0.7390146666863595,
      "val_auc_fused": 0.9246543536714643,
      "val_auc_ecg": 0.9238231847202135,
      "val_delta_meta": 0.0006328170139244804,
      "w_fused": 1.0,
      "lr": 0.0005005000000000001
    },
    {
      "epoch": 6,
      "train_loss": 0.4116788917725239,
      "val_auc": 0.9224698534807032,
      "val_f1": 0.7216277537745404,
      "val_auc_fused": 0.9224698534807032,
      "val_auc_ecg": 0.9225938854861708,
      "val_delta_meta": -0.0003887350357839603,
      "w_fused": 1.0,
      "lr": 0.0003461460113097139
    },
    {
      "epoch": 7,
      "train_loss": 0.3934347986628156,
      "val_auc": 0.9293026651845093,
      "val_f1": 0.7430093960249822,
      "val_auc_fused": 0.9293026651845093,
      "val_auc_ecg": 0.9287489120301722,
      "val_delta_meta": 0.0006221334280351876,
      "w_fused": 1.0,
      "lr": 0.00020690126647990973
    },
    {
      "epoch": 8,
      "train_loss": 0.374108937191307,
      "val_auc": 0.9309221075938957,
      "val_f1": 0.7478967090561025,
      "val_auc_fused": 0.9309221075938957,
      "val_auc_ecg": 0.930348259950723,
      "val_delta_meta": 0.0006193136082497386,
      "w_fused": 1.0,
      "lr": 9.639601130971382e-05
    },
    {
      "epoch": 9,
      "train_loss": 0.36150962860759245,
      "val_auc": 0.9316916704051081,
      "val_f1": 0.7476992593018509,
      "val_auc_fused": 0.9316916704051081,
      "val_auc_ecg": 0.9315544645422236,
      "val_delta_meta": 0.00027517597748971667,
      "w_fused": 1.0,
      "lr": 2.5447270110570814e-05
    },
    {
      "epoch": 10,
      "train_loss": 0.347561380868658,
      "val_auc": 0.9327362298001933,
      "val_f1": 0.747962551523639,
      "val_auc_fused": 0.9327362298001933,
      "val_auc_ecg": 0.9326158534619686,
      "val_delta_meta": 0.00022469854918227838,
      "w_fused": 1.0,
      "lr": 0.001
    }
  ]
}