{
  "metadata": {
    "variant": "demo+anthro",
    "seed": 2026,
    "timestamp": "2026-04-14T04:24:53.257856",
    "config": {
      "batch_size": 32,
      "lr": 0.001,
      "epochs": 10,
      "meta_dropout_p": 0.1,
      "gradient_accumulation_steps": 2,
      "max_grad_norm": 1.0
    },
    "dataset_sizes": {
      "train": 17418,
      "validation": 2183,
      "test": 2198
    },
    "num_parameters": 3819855,
    "pos_weights": [
      1.0,
      2.299999952316284,
      2.440000057220459,
      2.6700000762939453,
      5.579999923706055
    ]
  },
  "validation": {
    "best_auc": 0.9352847416492102,
    "best_delta_meta": 0.0007310818216478276,
    "best_epoch": 9
  },
  "test": {
    "macro_auc": 0.9283434994328846,
    "macro_f1_optimal": 0.7481873613180133,
    "macro_f1_fixed": 0.7451135872947309,
    "auc_ecg_only": 0.9271277407269303,
    "auc_fused_only": 0.9283434994328846,
    "auc_meta_disabled": 0.926642022411308,
    "delta_meta_auc": 0.0017014770215766362,
    "w_fused": 1.0,
    "thresholds": [
      0.6650000214576721,
      0.5149999856948853,
      0.5450000166893005,
      0.6499999761581421,
      0.48500001430511475
    ]
  },
  "per_class": {
    "NORM": {
      "auc": 0.950985659692005,
      "f1": 0.8645987198424422,
      "threshold": 0.6650000214576721
    },
    "MI": {
      "auc": 0.9304523389232127,
      "f1": 0.7376902417188897,
      "threshold": 0.5149999856948853
    },
    "STTC": {
      "auc": 0.935806445336419,
      "f1": 0.7728937728937728,
      "threshold": 0.5450000166893005
    },
    "CD": {
      "auc": 0.9139449319586067,
      "f1": 0.7581151832460733,
      "threshold": 0.6499999761581421
    },
    "HYP": {
      "auc": 0.9105281212541796,
      "f1": 0.607638888888889,
      "threshold": 0.48500001430511475
    }
  },
  "training_history": [
    {
      "epoch": 1,
      "train_loss": 0.5745072837816466,
      "val_auc": 0.8927696186088786,
      "val_f1": 0.6690549380895852,
      "val_auc_fused": 0.8927696186088786,
      "val_auc_ecg": 0.8888096709325517,
      "val_delta_meta": 0.002909327732221745,
      "w_fused": 1.0,
      "lr": 0.0009755527298894294
    },
    {
      "epoch": 2,
      "train_loss": 0.49755505214043716,
      "val_auc": 0.9154226754505567,
      "val_f1": 0.7141704379231842,
      "val_auc_fused": 0.9154226754505567,
      "val_auc_ecg": 0.9145145647485557,
      "val_delta_meta": 0.00035252826744081034,
      "w_fused": 1.0,
      "lr": 0.0009046039886902864
    },
    {
      "epoch": 3,
      "train_loss": 0.4639434932568751,
      "val_auc": 0.9186828452270724,
      "val_f1": 0.7195638296905671,
      "val_auc_fused": 0.9186828452270724,
      "val_auc_ecg": 0.9169087300823582,
      "val_delta_meta": 7.04741882593396e-05,
      "w_fused": 1.0,
      "lr": 0.0007940987335200904
    },
    {
      "epoch": 4,
      "train_loss": 0.4449429737865378,
      "val_auc": 0.9234051211133615,
      "val_f1": 0.7189014300678037,
      "val_auc_fused": 0.9234051211133615,
      "val_auc_ecg": 0.9224848185737968,
      "val_delta_meta": -5.603008099208662e-05,
      "w_fused": 1.0,
      "lr": 0.0006548539886902864
    },
    {
      "epoch": 5,
      "train_loss": 0.4268281292477879,
      "val_auc": 0.9267340506951968,
      "val_f1": 0.7338665888608948,
      "val_auc_fused": 0.9267340506951968,
      "val_auc_ecg": 0.925895455947431,
      "val_delta_meta": -0.000672434895403029,
      "w_fused": 1.0,
      "lr": 0.0005005000000000001
    },
    {
      "epoch": 6,
      "train_loss": 0.40832329589292543,
      "val_auc": 0.9095488980665414,
      "val_f1": 0.7074476994526493,
      "val_auc_fused": 0.9095488980665414,
      "val_auc_ecg": 0.908566397783545,
      "val_delta_meta": 0.0007053702788509808,
      "w_fused": 1.0,
      "lr": 0.0003461460113097139
    },
    {
      "epoch": 7,
      "train_loss": 0.3896743143370392,
      "val_auc": 0.9264555626768753,
      "val_f1": 0.7216885376480126,
      "val_auc_fused": 0.9264555626768753,
      "val_auc_ecg": 0.9255415536143715,
      "val_delta_meta": 0.0006620378767226986,
      "w_fused": 1.0,
      "lr": 0.00020690126647990973
    },
    {
      "epoch": 8,
      "train_loss": 0.37035930003594913,
      "val_auc": 0.9321979869822481,
      "val_f1": 0.7439390645168414,
      "val_auc_fused": 0.9321979869822481,
      "val_auc_ecg": 0.9318452866606146,
      "val_delta_meta": 0.00014487824225917212,
      "w_fused": 1.0,
      "lr": 9.639601130971382e-05
    },
    {
      "epoch": 9,
      "train_loss": 0.3515928188868619,
      "val_auc": 0.9352847416492102,
      "val_f1": 0.7518193019360596,
      "val_auc_fused": 0.9352847416492102,
      "val_auc_ecg": 0.9343817331510463,
      "val_delta_meta": 0.0007310818216478276,
      "w_fused": 1.0,
      "lr": 2.5447270110570814e-05
    },
    {
      "epoch": 10,
      "train_loss": 0.3404399592121807,
      "val_auc": 0.933985800023535,
      "val_f1": 0.7538007603358821,
      "val_auc_fused": 0.933985800023535,
      "val_auc_ecg": 0.9338230139961314,
      "val_delta_meta": -0.0002623119493666559,
      "w_fused": 1.0,
      "lr": 0.001
    }
  ]
}