{
  "metadata": {
    "variant": "none",
    "seed": 2026,
    "timestamp": "2026-04-15T21:13:58.431893",
    "config": {
      "batch_size": 32,
      "lr": 0.001,
      "epochs": 10,
      "meta_dropout_p": 0.1,
      "gradient_accumulation_steps": 2,
      "max_grad_norm": 1.0
    },
    "dataset_sizes": {
      "train": 17418,
      "validation": 2183,
      "test": 2198
    },
    "num_parameters": 3819855,
    "pos_weights": [
      1.0,
      2.299999952316284,
      2.440000057220459,
      2.6700000762939453,
      5.579999923706055
    ]
  },
  "validation": {
    "best_auc": 0.9311690806628908,
    "best_delta_meta": 0.0,
    "best_epoch": 9
  },
  "test": {
    "macro_auc": 0.926652478139993,
    "macro_f1_optimal": 0.7374635078218129,
    "macro_f1_fixed": 0.7401235178739743,
    "auc_ecg_only": 0.9270220022064917,
    "auc_fused_only": 0.926652478139993,
    "auc_meta_disabled": 0.926652478139993,
    "delta_meta_auc": 0.0,
    "w_fused": 1.0,
    "thresholds": [
      0.6050000190734863,
      0.5299999713897705,
      0.4099999964237213,
      0.6050000190734863,
      0.4099999964237213
    ]
  },
  "per_class": {
    "NORM": {
      "auc": 0.948501015298851,
      "f1": 0.860276585598474,
      "threshold": 0.6050000190734863
    },
    "MI": {
      "auc": 0.9251235657546337,
      "f1": 0.7206703910614525,
      "threshold": 0.5299999713897705
    },
    "STTC": {
      "auc": 0.9344948078153452,
      "f1": 0.7676240208877285,
      "threshold": 0.4099999964237213
    },
    "CD": {
      "auc": 0.9150880368446987,
      "f1": 0.7505112474437629,
      "threshold": 0.6050000190734863
    },
    "HYP": {
      "auc": 0.9100549649864361,
      "f1": 0.5882352941176471,
      "threshold": 0.4099999964237213
    }
  },
  "training_history": [
    {
      "epoch": 1,
      "train_loss": 0.5265017668041614,
      "val_auc": 0.8936353952567508,
      "val_f1": 0.6746300114808196,
      "val_auc_fused": 0.8936353952567508,
      "val_auc_ecg": 0.8934140978743887,
      "val_delta_meta": 0.0,
      "w_fused": 1.0,
      "lr": 0.0009755527298894294
    },
    {
      "epoch": 2,
      "train_loss": 0.4499876734860446,
      "val_auc": 0.9137563313669947,
      "val_f1": 0.7102335773441896,
      "val_auc_fused": 0.9137563313669947,
      "val_auc_ecg": 0.9138380083118138,
      "val_delta_meta": 0.0,
      "w_fused": 1.0,
      "lr": 0.0009046039886902864
    },
    {
      "epoch": 3,
      "train_loss": 0.4154079174503274,
      "val_auc": 0.9190775200026922,
      "val_f1": 0.7167807149570253,
      "val_auc_fused": 0.9190775200026922,
      "val_auc_ecg": 0.9178034219878368,
      "val_delta_meta": 0.0,
      "w_fused": 1.0,
      "lr": 0.0007940987335200904
    },
    {
      "epoch": 4,
      "train_loss": 0.3959233950037475,
      "val_auc": 0.9209426372548164,
      "val_f1": 0.7176112925803466,
      "val_auc_fused": 0.9209426372548164,
      "val_auc_ecg": 0.9200352329718378,
      "val_delta_meta": 0.0,
      "w_fused": 1.0,
      "lr": 0.0006548539886902864
    },
    {
      "epoch": 5,
      "train_loss": 0.3798571580867155,
      "val_auc": 0.9241933449552325,
      "val_f1": 0.7336952233235273,
      "val_auc_fused": 0.9241933449552325,
      "val_auc_ecg": 0.9236871261491159,
      "val_delta_meta": 0.0,
      "w_fused": 1.0,
      "lr": 0.0005005000000000001
    },
    {
      "epoch": 6,
      "train_loss": 0.36120306895960363,
      "val_auc": 0.9018926301922295,
      "val_f1": 0.6898862321427189,
      "val_auc_fused": 0.9018926301922295,
      "val_auc_ecg": 0.9027188698239671,
      "val_delta_meta": 0.0,
      "w_fused": 1.0,
      "lr": 0.0003461460113097139
    },
    {
      "epoch": 7,
      "train_loss": 0.3431180378986061,
      "val_auc": 0.9227857641610034,
      "val_f1": 0.71888241803928,
      "val_auc_fused": 0.9227857641610034,
      "val_auc_ecg": 0.9223602083938335,
      "val_delta_meta": 0.0,
      "w_fused": 1.0,
      "lr": 0.00020690126647990973
    },
    {
      "epoch": 8,
      "train_loss": 0.32405914251410634,
      "val_auc": 0.93093349366671,
      "val_f1": 0.7521857862869192,
      "val_auc_fused": 0.93093349366671,
      "val_auc_ecg": 0.9304993072184244,
      "val_delta_meta": 0.0,
      "w_fused": 1.0,
      "lr": 9.639601130971382e-05
    },
    {
      "epoch": 9,
      "train_loss": 0.3059121615842942,
      "val_auc": 0.9311690806628908,
      "val_f1": 0.7464889450340866,
      "val_auc_fused": 0.9311690806628908,
      "val_auc_ecg": 0.9308201912219728,
      "val_delta_meta": 0.0,
      "w_fused": 1.0,
      "lr": 2.5447270110570814e-05
    },
    {
      "epoch": 10,
      "train_loss": 0.2948275210933948,
      "val_auc": 0.9309458247720451,
      "val_f1": 0.7490417774760515,
      "val_auc_fused": 0.9309458247720451,
      "val_auc_ecg": 0.9306847283505114,
      "val_delta_meta": 0.0,
      "w_fused": 1.0,
      "lr": 0.001
    }
  ]
}