{
  "metadata": {
    "variant": "none",
    "seed": 2027,
    "timestamp": "2026-04-15T22:38:48.038072",
    "config": {
      "batch_size": 32,
      "lr": 0.001,
      "epochs": 10,
      "meta_dropout_p": 0.1,
      "gradient_accumulation_steps": 2,
      "max_grad_norm": 1.0
    },
    "dataset_sizes": {
      "train": 17418,
      "validation": 2183,
      "test": 2198
    },
    "num_parameters": 3819855,
    "pos_weights": [
      1.0,
      2.299999952316284,
      2.440000057220459,
      2.6700000762939453,
      5.579999923706055
    ]
  },
  "validation": {
    "best_auc": 0.9313042707951963,
    "best_delta_meta": 0.0,
    "best_epoch": 10
  },
  "test": {
    "macro_auc": 0.926861950475175,
    "macro_f1_optimal": 0.7451180696931666,
    "macro_f1_fixed": 0.7449534088841634,
    "auc_ecg_only": 0.926545262957313,
    "auc_fused_only": 0.926861950475175,
    "auc_meta_disabled": 0.926861950475175,
    "delta_meta_auc": 0.0,
    "w_fused": 1.0,
    "thresholds": [
      0.6949999928474426,
      0.5149999856948853,
      0.5450000166893005,
      0.5600000023841858,
      0.45500001311302185
    ]
  },
  "per_class": {
    "NORM": {
      "auc": 0.9479208445268454,
      "f1": 0.8609865470852017,
      "threshold": 0.6949999928474426
    },
    "MI": {
      "auc": 0.9281078993821712,
      "f1": 0.7402005469462171,
      "threshold": 0.5149999856948853
    },
    "STTC": {
      "auc": 0.9348141331804233,
      "f1": 0.7724770642201835,
      "threshold": 0.5450000166893005
    },
    "CD": {
      "auc": 0.917341078806717,
      "f1": 0.7420901246404603,
      "threshold": 0.5600000023841858
    },
    "HYP": {
      "auc": 0.9061257964797175,
      "f1": 0.6098360655737703,
      "threshold": 0.45500001311302185
    }
  },
  "training_history": [
    {
      "epoch": 1,
      "train_loss": 0.5255626073124212,
      "val_auc": 0.8989332009676637,
      "val_f1": 0.6614222600300689,
      "val_auc_fused": 0.8989332009676637,
      "val_auc_ecg": 0.8978472586562007,
      "val_delta_meta": 0.0,
      "w_fused": 1.0,
      "lr": 0.0009755527298894294
    },
    {
      "epoch": 2,
      "train_loss": 0.45226409990306293,
      "val_auc": 0.912028472259615,
      "val_f1": 0.7072684051385507,
      "val_auc_fused": 0.912028472259615,
      "val_auc_ecg": 0.9117233529503455,
      "val_delta_meta": 0.0,
      "w_fused": 1.0,
      "lr": 0.0009046039886902864
    },
    {
      "epoch": 3,
      "train_loss": 0.41951178257618477,
      "val_auc": 0.9162493169487101,
      "val_f1": 0.718583014791495,
      "val_auc_fused": 0.9162493169487101,
      "val_auc_ecg": 0.9154185804741107,
      "val_delta_meta": 0.0,
      "w_fused": 1.0,
      "lr": 0.0007940987335200904
    },
    {
      "epoch": 4,
      "train_loss": 0.3962872763019089,
      "val_auc": 0.9194532180320015,
      "val_f1": 0.7169546566928032,
      "val_auc_fused": 0.9194532180320015,
      "val_auc_ecg": 0.9191463691760262,
      "val_delta_meta": 0.0,
      "w_fused": 1.0,
      "lr": 0.0006548539886902864
    },
    {
      "epoch": 5,
      "train_loss": 0.37788789392611305,
      "val_auc": 0.9259808388973061,
      "val_f1": 0.7355137039349291,
      "val_auc_fused": 0.9259808388973061,
      "val_auc_ecg": 0.9252005489948363,
      "val_delta_meta": 0.0,
      "w_fused": 1.0,
      "lr": 0.0005005000000000001
    },
    {
      "epoch": 6,
      "train_loss": 0.35951396557716053,
      "val_auc": 0.9215313200202099,
      "val_f1": 0.7311825087599063,
      "val_auc_fused": 0.9215313200202099,
      "val_auc_ecg": 0.9212956943139166,
      "val_delta_meta": 0.0,
      "w_fused": 1.0,
      "lr": 0.0003461460113097139
    },
    {
      "epoch": 7,
      "train_loss": 0.34269139837781226,
      "val_auc": 0.9267587002503447,
      "val_f1": 0.7347959971456449,
      "val_auc_fused": 0.9267587002503447,
      "val_auc_ecg": 0.9264758745753525,
      "val_delta_meta": 0.0,
      "w_fused": 1.0,
      "lr": 0.00020690126647990973
    },
    {
      "epoch": 8,
      "train_loss": 0.32232382855284103,
      "val_auc": 0.9308832651660325,
      "val_f1": 0.745234137592927,
      "val_auc_fused": 0.9308832651660325,
      "val_auc_ecg": 0.9304465326468481,
      "val_delta_meta": 0.0,
      "w_fused": 1.0,
      "lr": 9.639601130971382e-05
    },
    {
      "epoch": 9,
      "train_loss": 0.3081995145169967,
      "val_auc": 0.9308680417075221,
      "val_f1": 0.7417980812355537,
      "val_auc_fused": 0.9308680417075221,
      "val_auc_ecg": 0.9308001873415463,
      "val_delta_meta": 0.0,
      "w_fused": 1.0,
      "lr": 2.5447270110570814e-05
    },
    {
      "epoch": 10,
      "train_loss": 0.29692488151405927,
      "val_auc": 0.9313042707951963,
      "val_f1": 0.7475774440872286,
      "val_auc_fused": 0.9313042707951963,
      "val_auc_ecg": 0.9310562678708623,
      "val_delta_meta": 0.0,
      "w_fused": 1.0,
      "lr": 0.001
    }
  ]
}