{
  "metadata": {
    "variant": "none",
    "seed": 2029,
    "timestamp": "2026-04-16T01:11:43.594059",
    "config": {
      "batch_size": 32,
      "lr": 0.001,
      "epochs": 10,
      "meta_dropout_p": 0.1,
      "gradient_accumulation_steps": 2,
      "max_grad_norm": 1.0
    },
    "dataset_sizes": {
      "train": 17418,
      "validation": 2183,
      "test": 2198
    },
    "num_parameters": 3819855,
    "pos_weights": [
      1.0,
      2.299999952316284,
      2.440000057220459,
      2.6700000762939453,
      5.579999923706055
    ]
  },
  "validation": {
    "best_auc": 0.9328539304307741,
    "best_delta_meta": 0.0,
    "best_epoch": 10
  },
  "test": {
    "macro_auc": 0.9283897581155565,
    "macro_f1_optimal": 0.7428567869135726,
    "macro_f1_fixed": 0.7412559610220486,
    "auc_ecg_only": 0.9284889791306064,
    "auc_fused_only": 0.9283897581155565,
    "auc_meta_disabled": 0.9283897581155565,
    "delta_meta_auc": 0.0,
    "w_fused": 1.0,
    "thresholds": [
      0.5450000166893005,
      0.574999988079071,
      0.574999988079071,
      0.574999988079071,
      0.5149999856948853
    ]
  },
  "per_class": {
    "NORM": {
      "auc": 0.9493208218245109,
      "f1": 0.8596070915189267,
      "threshold": 0.5450000166893005
    },
    "MI": {
      "auc": 0.9275728155339804,
      "f1": 0.7406082289803221,
      "threshold": 0.574999988079071
    },
    "STTC": {
      "auc": 0.9355580811635804,
      "f1": 0.7727272727272727,
      "threshold": 0.574999988079071
    },
    "CD": {
      "auc": 0.9200039801372198,
      "f1": 0.7467467467467468,
      "threshold": 0.574999988079071
    },
    "HYP": {
      "auc": 0.9094930919184909,
      "f1": 0.5945945945945946,
      "threshold": 0.5149999856948853
    }
  },
  "training_history": [
    {
      "epoch": 1,
      "train_loss": 0.5331955777942587,
      "val_auc": 0.9024423788355975,
      "val_f1": 0.6980966401378773,
      "val_auc_fused": 0.9024423788355975,
      "val_auc_ecg": 0.9014101656022317,
      "val_delta_meta": 0.0,
      "w_fused": 1.0,
      "lr": 0.0009755527298894294
    },
    {
      "epoch": 2,
      "train_loss": 0.4575921336171824,
      "val_auc": 0.9107329294522117,
      "val_f1": 0.7115466626440786,
      "val_auc_fused": 0.9107329294522117,
      "val_auc_ecg": 0.9085891003331735,
      "val_delta_meta": 0.0,
      "w_fused": 1.0,
      "lr": 0.0009046039886902864
    },
    {
      "epoch": 3,
      "train_loss": 0.4233111587686276,
      "val_auc": 0.9148639922764389,
      "val_f1": 0.7122289668788261,
      "val_auc_fused": 0.9148639922764389,
      "val_auc_ecg": 0.9148997147773154,
      "val_delta_meta": 0.0,
      "w_fused": 1.0,
      "lr": 0.0007940987335200904
    },
    {
      "epoch": 4,
      "train_loss": 0.4023924900304287,
      "val_auc": 0.919988305271518,
      "val_f1": 0.7174198472024472,
      "val_auc_fused": 0.919988305271518,
      "val_auc_ecg": 0.9192810496627478,
      "val_delta_meta": 0.0,
      "w_fused": 1.0,
      "lr": 0.0006548539886902864
    },
    {
      "epoch": 5,
      "train_loss": 0.3847677045185632,
      "val_auc": 0.9240104900099068,
      "val_f1": 0.7344309050101805,
      "val_auc_fused": 0.9240104900099068,
      "val_auc_ecg": 0.9238606280018603,
      "val_delta_meta": 0.0,
      "w_fused": 1.0,
      "lr": 0.0005005000000000001
    },
    {
      "epoch": 6,
      "train_loss": 0.3654862717750969,
      "val_auc": 0.9283247602606044,
      "val_f1": 0.734657382395387,
      "val_auc_fused": 0.9283247602606044,
      "val_auc_ecg": 0.9283903983077346,
      "val_delta_meta": 0.0,
      "w_fused": 1.0,
      "lr": 0.0003461460113097139
    },
    {
      "epoch": 7,
      "train_loss": 0.34430960824183365,
      "val_auc": 0.9226185835108442,
      "val_f1": 0.7202468195291171,
      "val_auc_fused": 0.9226185835108442,
      "val_auc_ecg": 0.9223663950312684,
      "val_delta_meta": 0.0,
      "w_fused": 1.0,
      "lr": 0.00020690126647990973
    },
    {
      "epoch": 8,
      "train_loss": 0.32950548439397725,
      "val_auc": 0.9303262057450843,
      "val_f1": 0.7431089210616946,
      "val_auc_fused": 0.9303262057450843,
      "val_auc_ecg": 0.9302135062265358,
      "val_delta_meta": 0.0,
      "w_fused": 1.0,
      "lr": 9.639601130971382e-05
    },
    {
      "epoch": 9,
      "train_loss": 0.3140774198354931,
      "val_auc": 0.9321897918852431,
      "val_f1": 0.7476917487158121,
      "val_auc_fused": 0.9321897918852431,
      "val_auc_ecg": 0.9321019306984095,
      "val_delta_meta": 0.0,
      "w_fused": 1.0,
      "lr": 2.5447270110570814e-05
    },
    {
      "epoch": 10,
      "train_loss": 0.3028992814481805,
      "val_auc": 0.9328539304307741,
      "val_f1": 0.7500597131295954,
      "val_auc_fused": 0.9328539304307741,
      "val_auc_ecg": 0.9327357305571287,
      "val_delta_meta": 0.0,
      "w_fused": 1.0,
      "lr": 0.001
    }
  ]
}