{
  "metadata": {
    "variant": "none",
    "seed": 2033,
    "timestamp": "2026-04-14T15:11:04.771793",
    "config": {
      "batch_size": 32,
      "lr": 0.001,
      "epochs": 10,
      "meta_dropout_p": 0.1,
      "gradient_accumulation_steps": 2,
      "max_grad_norm": 1.0
    },
    "dataset_sizes": {
      "train": 17418,
      "validation": 2183,
      "test": 2198
    },
    "num_parameters": 3819855,
    "pos_weights": [
      1.0,
      2.299999952316284,
      2.440000057220459,
      2.6700000762939453,
      5.579999923706055
    ]
  },
  "validation": {
    "best_auc": 0.9320533041365288,
    "best_delta_meta": 0.0,
    "best_epoch": 10
  },
  "test": {
    "macro_auc": 0.9280306619014833,
    "macro_f1_optimal": 0.7426037578402256,
    "macro_f1_fixed": 0.7435612338114964,
    "auc_ecg_only": 0.9279638932943508,
    "auc_fused_only": 0.9280306619014833,
    "auc_meta_disabled": 0.9280306619014833,
    "delta_meta_auc": 0.0,
    "w_fused": 1.0,
    "thresholds": [
      0.6050000190734863,
      0.6949999928474426,
      0.5899999737739563,
      0.6800000071525574,
      0.6050000190734863
    ]
  },
  "per_class": {
    "NORM": {
      "auc": 0.9478905747474364,
      "f1": 0.858,
      "threshold": 0.6050000190734863
    },
    "MI": {
      "auc": 0.9265567078552515,
      "f1": 0.7289719626168225,
      "threshold": 0.6949999928474426
    },
    "STTC": {
      "auc": 0.9359443618471428,
      "f1": 0.775623268698061,
      "threshold": 0.5899999737739563
    },
    "CD": {
      "auc": 0.9211340548121754,
      "f1": 0.7459459459459459,
      "threshold": 0.6800000071525574
    },
    "HYP": {
      "auc": 0.9086276102454104,
      "f1": 0.6044776119402986,
      "threshold": 0.6050000190734863
    }
  },
  "training_history": [
    {
      "epoch": 1,
      "train_loss": 0.5297123077265713,
      "val_auc": 0.8963953837648176,
      "val_f1": 0.6822419287830107,
      "val_auc_fused": 0.8963953837648176,
      "val_auc_ecg": 0.8943903042097423,
      "val_delta_meta": 0.0,
      "w_fused": 1.0,
      "lr": 0.0009755527298894294
    },
    {
      "epoch": 2,
      "train_loss": 0.45266163978007956,
      "val_auc": 0.9081344761835792,
      "val_f1": 0.7018662231445462,
      "val_auc_fused": 0.9081344761835792,
      "val_auc_ecg": 0.9078465253294128,
      "val_delta_meta": 0.0,
      "w_fused": 1.0,
      "lr": 0.0009046039886902864
    },
    {
      "epoch": 3,
      "train_loss": 0.42009951259018086,
      "val_auc": 0.9175181482181604,
      "val_f1": 0.7138069475781412,
      "val_auc_fused": 0.9175181482181604,
      "val_auc_ecg": 0.916681615564557,
      "val_delta_meta": 0.0,
      "w_fused": 1.0,
      "lr": 0.0007940987335200904
    },
    {
      "epoch": 4,
      "train_loss": 0.39901278377126115,
      "val_auc": 0.9211170290294314,
      "val_f1": 0.7252344341592615,
      "val_auc_fused": 0.9211170290294314,
      "val_auc_ecg": 0.9203501848686095,
      "val_delta_meta": 0.0,
      "w_fused": 1.0,
      "lr": 0.0006548539886902864
    },
    {
      "epoch": 5,
      "train_loss": 0.37986871389620896,
      "val_auc": 0.9261611305223794,
      "val_f1": 0.7262463719299488,
      "val_auc_fused": 0.9261611305223794,
      "val_auc_ecg": 0.9256147475533393,
      "val_delta_meta": 0.0,
      "w_fused": 1.0,
      "lr": 0.0005005000000000001
    },
    {
      "epoch": 6,
      "train_loss": 0.3622964603365014,
      "val_auc": 0.9241721356857612,
      "val_f1": 0.7251488121670431,
      "val_auc_fused": 0.9241721356857612,
      "val_auc_ecg": 0.9243577419823004,
      "val_delta_meta": 0.0,
      "w_fused": 1.0,
      "lr": 0.0003461460113097139
    },
    {
      "epoch": 7,
      "train_loss": 0.34226721424028417,
      "val_auc": 0.9278743541196931,
      "val_f1": 0.742573952933263,
      "val_auc_fused": 0.9278743541196931,
      "val_auc_ecg": 0.9281095191212871,
      "val_delta_meta": 0.0,
      "w_fused": 1.0,
      "lr": 0.00020690126647990973
    },
    {
      "epoch": 8,
      "train_loss": 0.3258114312766889,
      "val_auc": 0.9226086052872224,
      "val_f1": 0.724238981130711,
      "val_auc_fused": 0.9226086052872224,
      "val_auc_ecg": 0.922564678548229,
      "val_delta_meta": 0.0,
      "w_fused": 1.0,
      "lr": 9.639601130971382e-05
    },
    {
      "epoch": 9,
      "train_loss": 0.3080027616625532,
      "val_auc": 0.9307649790737372,
      "val_f1": 0.7473051806268067,
      "val_auc_fused": 0.9307649790737372,
      "val_auc_ecg": 0.9308060955196427,
      "val_delta_meta": 0.0,
      "w_fused": 1.0,
      "lr": 2.5447270110570814e-05
    },
    {
      "epoch": 10,
      "train_loss": 0.3006267951715977,
      "val_auc": 0.9320533041365288,
      "val_f1": 0.748795196678182,
      "val_auc_fused": 0.9320533041365288,
      "val_auc_ecg": 0.9321413413837487,
      "val_delta_meta": 0.0,
      "w_fused": 1.0,
      "lr": 0.001
    }
  ]
}