{
  "metadata": {
    "variant": "demo+anthro",
    "seed": 2029,
    "timestamp": "2026-04-14T20:47:59.496126",
    "config": {
      "batch_size": 32,
      "lr": 0.001,
      "epochs": 10,
      "meta_dropout_p": 0.1,
      "gradient_accumulation_steps": 2,
      "max_grad_norm": 1.0
    },
    "dataset_sizes": {
      "train": 17418,
      "validation": 2183,
      "test": 2198
    },
    "num_parameters": 3819855,
    "pos_weights": [
      1.0,
      2.299999952316284,
      2.440000057220459,
      2.6700000762939453,
      5.579999923706055
    ]
  },
  "validation": {
    "best_auc": 0.9346974939830648,
    "best_delta_meta": 0.00076839944543039,
    "best_epoch": 9
  },
  "test": {
    "macro_auc": 0.93089793939373,
    "macro_f1_optimal": 0.75284716013478,
    "macro_f1_fixed": 0.7478453621798146,
    "auc_ecg_only": 0.9288929367257449,
    "auc_fused_only": 0.93089793939373,
    "auc_meta_disabled": 0.9288704110831028,
    "delta_meta_auc": 0.002027528310627247,
    "w_fused": 1.0,
    "thresholds": [
      0.6200000047683716,
      0.5450000166893005,
      0.5299999713897705,
      0.6200000047683716,
      0.5
    ]
  },
  "per_class": {
    "NORM": {
      "auc": 0.9533029794712037,
      "f1": 0.8688444661140907,
      "threshold": 0.6200000047683716
    },
    "MI": {
      "auc": 0.9342034421888791,
      "f1": 0.7576301615798924,
      "threshold": 0.5450000166893005
    },
    "STTC": {
      "auc": 0.9367964684216972,
      "f1": 0.7829246139872843,
      "threshold": 0.5299999713897705
    },
    "CD": {
      "auc": 0.9203605340965088,
      "f1": 0.7420998980632008,
      "threshold": 0.6200000047683716
    },
    "HYP": {
      "auc": 0.9098262727903603,
      "f1": 0.612736660929432,
      "threshold": 0.5
    }
  },
  "training_history": [
    {
      "epoch": 1,
      "train_loss": 0.5786966633359226,
      "val_auc": 0.9081859793356163,
      "val_f1": 0.6973952330744014,
      "val_auc_fused": 0.9081859793356163,
      "val_auc_ecg": 0.9064845443245634,
      "val_delta_meta": 0.0017750585480736936,
      "w_fused": 1.0,
      "lr": 0.0009755527298894294
    },
    {
      "epoch": 2,
      "train_loss": 0.5046036906745456,
      "val_auc": 0.9112633150750451,
      "val_f1": 0.7065929970362262,
      "val_auc_fused": 0.9112633150750451,
      "val_auc_ecg": 0.9092763222389291,
      "val_delta_meta": 0.00015670701386005792,
      "w_fused": 1.0,
      "lr": 0.0009046039886902864
    },
    {
      "epoch": 3,
      "train_loss": 0.472216499836073,
      "val_auc": 0.9160004384327183,
      "val_f1": 0.7054989716415317,
      "val_auc_fused": 0.9160004384327183,
      "val_auc_ecg": 0.9153101153860244,
      "val_delta_meta": -0.00013413557190167236,
      "w_fused": 1.0,
      "lr": 0.0007940987335200904
    },
    {
      "epoch": 4,
      "train_loss": 0.450472241311992,
      "val_auc": 0.9238732054528913,
      "val_f1": 0.7214656585612409,
      "val_auc_fused": 0.9238732054528913,
      "val_auc_ecg": 0.9227068185209374,
      "val_delta_meta": 0.00047465553436776275,
      "w_fused": 1.0,
      "lr": 0.0006548539886902864
    },
    {
      "epoch": 5,
      "train_loss": 0.43186143674981703,
      "val_auc": 0.9238869155543338,
      "val_f1": 0.738018551876076,
      "val_auc_fused": 0.9238869155543338,
      "val_auc_ecg": 0.9219933767665804,
      "val_delta_meta": 0.000413108134482032,
      "w_fused": 1.0,
      "lr": 0.0005005000000000001
    },
    {
      "epoch": 6,
      "train_loss": 0.4126253310146682,
      "val_auc": 0.9301504365515157,
      "val_f1": 0.7356579300478899,
      "val_auc_fused": 0.9301504365515157,
      "val_auc_ecg": 0.928576706473347,
      "val_delta_meta": 0.0009735907159724722,
      "w_fused": 1.0,
      "lr": 0.0003461460113097139
    },
    {
      "epoch": 7,
      "train_loss": 0.3916195907997429,
      "val_auc": 0.9234282795340875,
      "val_f1": 0.7201004120829554,
      "val_auc_fused": 0.9234282795340875,
      "val_auc_ecg": 0.9221334566115953,
      "val_delta_meta": 0.0003490450509282539,
      "w_fused": 1.0,
      "lr": 0.00020690126647990973
    },
    {
      "epoch": 8,
      "train_loss": 0.3759064487361033,
      "val_auc": 0.9329130974416964,
      "val_f1": 0.7463775112334645,
      "val_auc_fused": 0.9329130974416964,
      "val_auc_ecg": 0.93150945088038,
      "val_delta_meta": 0.00028894051606564997,
      "w_fused": 1.0,
      "lr": 9.639601130971382e-05
    },
    {
      "epoch": 9,
      "train_loss": 0.3605725688671847,
      "val_auc": 0.9346974939830648,
      "val_f1": 0.7529410152573071,
      "val_auc_fused": 0.9346974939830648,
      "val_auc_ecg": 0.9332924119521475,
      "val_delta_meta": 0.00076839944543039,
      "w_fused": 1.0,
      "lr": 2.5447270110570814e-05
    },
    {
      "epoch": 10,
      "train_loss": 0.34837216220864464,
      "val_auc": 0.9344692856406096,
      "val_f1": 0.7503621081564391,
      "val_auc_fused": 0.9344692856406096,
      "val_auc_ecg": 0.933642720117869,
      "val_delta_meta": 0.0003122810323747949,
      "w_fused": 1.0,
      "lr": 0.001
    }
  ]
}