{
  "metadata": {
    "variant": "demo",
    "seed": 2029,
    "timestamp": "2026-04-14T16:51:46.945522",
    "config": {
      "batch_size": 32,
      "lr": 0.001,
      "epochs": 10,
      "meta_dropout_p": 0.1,
      "gradient_accumulation_steps": 2,
      "max_grad_norm": 1.0
    },
    "dataset_sizes": {
      "train": 17418,
      "validation": 2183,
      "test": 2198
    },
    "num_parameters": 3819855,
    "pos_weights": [
      1.0,
      2.299999952316284,
      2.440000057220459,
      2.6700000762939453,
      5.579999923706055
    ]
  },
  "validation": {
    "best_auc": 0.933770065481083,
    "best_delta_meta": 0.0004297883311767947,
    "best_epoch": 9
  },
  "test": {
    "macro_auc": 0.9280306069900712,
    "macro_f1_optimal": 0.7495034560679117,
    "macro_f1_fixed": 0.7460513497411372,
    "auc_ecg_only": 0.9277433845828987,
    "auc_fused_only": 0.9280306069900712,
    "auc_meta_disabled": 0.9275259583498455,
    "delta_meta_auc": 0.0005046486402257022,
    "w_fused": 1.0,
    "thresholds": [
      0.6349999904632568,
      0.574999988079071,
      0.48500001430511475,
      0.6800000071525574,
      0.574999988079071
    ]
  },
  "per_class": {
    "NORM": {
      "auc": 0.9497265209513119,
      "f1": 0.8701550387596899,
      "threshold": 0.6349999904632568
    },
    "MI": {
      "auc": 0.9261992497793469,
      "f1": 0.7303370786516855,
      "threshold": 0.574999988079071
    },
    "STTC": {
      "auc": 0.9353955571426447,
      "f1": 0.7720848056537103,
      "threshold": 0.48500001430511475
    },
    "CD": {
      "auc": 0.9179191463553316,
      "f1": 0.7547568710359408,
      "threshold": 0.6800000071525574
    },
    "HYP": {
      "auc": 0.9109125607217211,
      "f1": 0.620183486238532,
      "threshold": 0.574999988079071
    }
  },
  "training_history": [
    {
      "epoch": 1,
      "train_loss": 0.5821888128005036,
      "val_auc": 0.9055105485395917,
      "val_f1": 0.7025824410081876,
      "val_auc_fused": 0.9055105485395917,
      "val_auc_ecg": 0.9034673724769912,
      "val_delta_meta": 0.0015887036370022534,
      "w_fused": 1.0,
      "lr": 0.0009755527298894294
    },
    {
      "epoch": 2,
      "train_loss": 0.507137363274163,
      "val_auc": 0.9105860367501061,
      "val_f1": 0.7005573061622764,
      "val_auc_fused": 0.9105860367501061,
      "val_auc_ecg": 0.9085535015125362,
      "val_delta_meta": 0.000743422055312748,
      "w_fused": 1.0,
      "lr": 0.0009046039886902864
    },
    {
      "epoch": 3,
      "train_loss": 0.47624605226954186,
      "val_auc": 0.9148441072347099,
      "val_f1": 0.7109847395676839,
      "val_auc_fused": 0.9148441072347099,
      "val_auc_ecg": 0.9140790609109573,
      "val_delta_meta": 0.0005338115302178092,
      "w_fused": 1.0,
      "lr": 0.0007940987335200904
    },
    {
      "epoch": 4,
      "train_loss": 0.45333437345443517,
      "val_auc": 0.9226751219265749,
      "val_f1": 0.7239144637019516,
      "val_auc_fused": 0.9226751219265749,
      "val_auc_ecg": 0.9212189727222334,
      "val_delta_meta": 0.000163672441368945,
      "w_fused": 1.0,
      "lr": 0.0006548539886902864
    },
    {
      "epoch": 5,
      "train_loss": 0.43514349422323595,
      "val_auc": 0.9249069112990925,
      "val_f1": 0.7377762800389663,
      "val_auc_fused": 0.9249069112990925,
      "val_auc_ecg": 0.9227677261815295,
      "val_delta_meta": 0.0005996416082139078,
      "w_fused": 1.0,
      "lr": 0.0005005000000000001
    },
    {
      "epoch": 6,
      "train_loss": 0.4161367489110439,
      "val_auc": 0.9289850885872634,
      "val_f1": 0.7414820401716993,
      "val_auc_fused": 0.9289850885872634,
      "val_auc_ecg": 0.9279083922335776,
      "val_delta_meta": 0.0008992405863706976,
      "w_fused": 1.0,
      "lr": 0.0003461460113097139
    },
    {
      "epoch": 7,
      "train_loss": 0.3952273683810453,
      "val_auc": 0.9212537425837686,
      "val_f1": 0.7236142197014972,
      "val_auc_fused": 0.9212537425837686,
      "val_auc_ecg": 0.9200439265536076,
      "val_delta_meta": -8.519449472699225e-05,
      "w_fused": 1.0,
      "lr": 0.00020690126647990973
    },
    {
      "epoch": 8,
      "train_loss": 0.3796888356088498,
      "val_auc": 0.9316408302009214,
      "val_f1": 0.7445392130531381,
      "val_auc_fused": 0.9316408302009214,
      "val_auc_ecg": 0.9306197503928655,
      "val_delta_meta": 0.00016277057070535061,
      "w_fused": 1.0,
      "lr": 9.639601130971382e-05
    },
    {
      "epoch": 9,
      "train_loss": 0.3633721569809345,
      "val_auc": 0.933770065481083,
      "val_f1": 0.7518676354251934,
      "val_auc_fused": 0.933770065481083,
      "val_auc_ecg": 0.9329525647381678,
      "val_delta_meta": 0.0004297883311767947,
      "w_fused": 1.0,
      "lr": 2.5447270110570814e-05
    },
    {
      "epoch": 10,
      "train_loss": 0.35059370453204586,
      "val_auc": 0.9337642902862239,
      "val_f1": 0.7515994771355946,
      "val_auc_fused": 0.9337642902862239,
      "val_auc_ecg": 0.9335849516292697,
      "val_delta_meta": -0.00014852290761158127,
      "w_fused": 1.0,
      "lr": 0.001
    }
  ]
}