{
  "metadata": {
    "variant": "none",
    "seed": 2030,
    "timestamp": "2026-04-16T02:11:10.091134",
    "config": {
      "batch_size": 32,
      "lr": 0.001,
      "epochs": 10,
      "meta_dropout_p": 0.1,
      "gradient_accumulation_steps": 2,
      "max_grad_norm": 1.0
    },
    "dataset_sizes": {
      "train": 17418,
      "validation": 2183,
      "test": 2198
    },
    "num_parameters": 3819855,
    "pos_weights": [
      1.0,
      2.299999952316284,
      2.440000057220459,
      2.6700000762939453,
      5.579999923706055
    ]
  },
  "validation": {
    "best_auc": 0.932165814446725,
    "best_delta_meta": 0.0,
    "best_epoch": 10
  },
  "test": {
    "macro_auc": 0.9268931850227757,
    "macro_f1_optimal": 0.7363446447776123,
    "macro_f1_fixed": 0.7354018826342512,
    "auc_ecg_only": 0.9270441340220301,
    "auc_fused_only": 0.9268931850227757,
    "auc_meta_disabled": 0.9268931850227757,
    "delta_meta_auc": 0.0,
    "w_fused": 1.0,
    "thresholds": [
      0.5899999737739563,
      0.6200000047683716,
      0.5,
      0.7099999785423279,
      0.6949999928474426
    ]
  },
  "per_class": {
    "NORM": {
      "auc": 0.9462148061262671,
      "f1": 0.8582755203171457,
      "threshold": 0.5899999737739563
    },
    "MI": {
      "auc": 0.9240180935569284,
      "f1": 0.7146814404432132,
      "threshold": 0.6200000047683716
    },
    "STTC": {
      "auc": 0.933856157085189,
      "f1": 0.7611548556430446,
      "threshold": 0.5
    },
    "CD": {
      "auc": 0.9223209885902732,
      "f1": 0.7532188841201716,
      "threshold": 0.7099999785423279
    },
    "HYP": {
      "auc": 0.9080558797552205,
      "f1": 0.5943925233644859,
      "threshold": 0.6949999928474426
    }
  },
  "training_history": [
    {
      "epoch": 1,
      "train_loss": 0.5252056972696146,
      "val_auc": 0.9047105421832085,
      "val_f1": 0.6996978912947045,
      "val_auc_fused": 0.9047105421832085,
      "val_auc_ecg": 0.9039442915569795,
      "val_delta_meta": 0.0,
      "w_fused": 1.0,
      "lr": 0.0009755527298894294
    },
    {
      "epoch": 2,
      "train_loss": 0.44818564188589743,
      "val_auc": 0.9080197193015552,
      "val_f1": 0.6893753786496783,
      "val_auc_fused": 0.9080197193015552,
      "val_auc_ecg": 0.9060655004324927,
      "val_delta_meta": 0.0,
      "w_fused": 1.0,
      "lr": 0.0009046039886902864
    },
    {
      "epoch": 3,
      "train_loss": 0.4171541391436113,
      "val_auc": 0.9175202139079038,
      "val_f1": 0.7023420704962609,
      "val_auc_fused": 0.9175202139079038,
      "val_auc_ecg": 0.91732693240804,
      "val_delta_meta": 0.0,
      "w_fused": 1.0,
      "lr": 0.0007940987335200904
    },
    {
      "epoch": 4,
      "train_loss": 0.39538831757296117,
      "val_auc": 0.9205515248082525,
      "val_f1": 0.7203439622307132,
      "val_auc_fused": 0.9205515248082525,
      "val_auc_ecg": 0.9201794543466522,
      "val_delta_meta": 0.0,
      "w_fused": 1.0,
      "lr": 0.0006548539886902864
    },
    {
      "epoch": 5,
      "train_loss": 0.3773726990463537,
      "val_auc": 0.920223140931481,
      "val_f1": 0.7193872194462154,
      "val_auc_fused": 0.920223140931481,
      "val_auc_ecg": 0.9199598123846023,
      "val_delta_meta": 0.0,
      "w_fused": 1.0,
      "lr": 0.0005005000000000001
    },
    {
      "epoch": 6,
      "train_loss": 0.3604633030814862,
      "val_auc": 0.9254169106920594,
      "val_f1": 0.7259312995634488,
      "val_auc_fused": 0.9254169106920594,
      "val_auc_ecg": 0.9256509763882386,
      "val_delta_meta": 0.0,
      "w_fused": 1.0,
      "lr": 0.0003461460113097139
    },
    {
      "epoch": 7,
      "train_loss": 0.3417505291623807,
      "val_auc": 0.9304439631639913,
      "val_f1": 0.7411768767083875,
      "val_auc_fused": 0.9304439631639913,
      "val_auc_ecg": 0.9306459065704648,
      "val_delta_meta": 0.0,
      "w_fused": 1.0,
      "lr": 0.00020690126647990973
    },
    {
      "epoch": 8,
      "train_loss": 0.32059053920824593,
      "val_auc": 0.9310520924049717,
      "val_f1": 0.7425426870282885,
      "val_auc_fused": 0.9310520924049717,
      "val_auc_ecg": 0.9314923312818332,
      "val_delta_meta": 0.0,
      "w_fused": 1.0,
      "lr": 9.639601130971382e-05
    },
    {
      "epoch": 9,
      "train_loss": 0.30561350004388654,
      "val_auc": 0.9312243501055196,
      "val_f1": 0.7429695018021243,
      "val_auc_fused": 0.9312243501055196,
      "val_auc_ecg": 0.9315741284081123,
      "val_delta_meta": 0.0,
      "w_fused": 1.0,
      "lr": 2.5447270110570814e-05
    },
    {
      "epoch": 10,
      "train_loss": 0.2927202136828265,
      "val_auc": 0.932165814446725,
      "val_f1": 0.7490927098079233,
      "val_auc_fused": 0.932165814446725,
      "val_auc_ecg": 0.9326482525808263,
      "val_delta_meta": 0.0,
      "w_fused": 1.0,
      "lr": 0.001
    }
  ]
}