{
  "metadata": {
    "variant": "demo+anthro",
    "seed": 2030,
    "timestamp": "2026-04-14T21:21:54.944164",
    "config": {
      "batch_size": 32,
      "lr": 0.001,
      "epochs": 10,
      "meta_dropout_p": 0.1,
      "gradient_accumulation_steps": 2,
      "max_grad_norm": 1.0
    },
    "dataset_sizes": {
      "train": 17418,
      "validation": 2183,
      "test": 2198
    },
    "num_parameters": 3819855,
    "pos_weights": [
      1.0,
      2.299999952316284,
      2.440000057220459,
      2.6700000762939453,
      5.579999923706055
    ]
  },
  "validation": {
    "best_auc": 0.9320197942328191,
    "best_delta_meta": 0.0004752524685465165,
    "best_epoch": 10
  },
  "test": {
    "macro_auc": 0.9279727471345783,
    "macro_f1_optimal": 0.7442555148743294,
    "macro_f1_fixed": 0.7470353077648074,
    "auc_ecg_only": 0.9267605115312023,
    "auc_fused_only": 0.9279727471345783,
    "auc_meta_disabled": 0.926517488822374,
    "delta_meta_auc": 0.0014552583122043883,
    "w_fused": 1.0,
    "thresholds": [
      0.5299999713897705,
      0.6499999761581421,
      0.6650000214576721,
      0.5299999713897705,
      0.6650000214576721
    ]
  },
  "per_class": {
    "NORM": {
      "auc": 0.9490778227620333,
      "f1": 0.859375,
      "threshold": 0.5299999713897705
    },
    "MI": {
      "auc": 0.9268468667255076,
      "f1": 0.7284644194756554,
      "threshold": 0.6499999761581421
    },
    "STTC": {
      "auc": 0.9346722107959442,
      "f1": 0.7762645914396887,
      "threshold": 0.6650000214576721
    },
    "CD": {
      "auc": 0.9197481141730793,
      "f1": 0.7531219980787704,
      "threshold": 0.5299999713897705
    },
    "HYP": {
      "auc": 0.9095187212163272,
      "f1": 0.6040515653775322,
      "threshold": 0.6650000214576721
    }
  },
  "training_history": [
    {
      "epoch": 1,
      "train_loss": 0.5738465944014558,
      "val_auc": 0.9046211400811444,
      "val_f1": 0.6975945180808655,
      "val_auc_fused": 0.9046211400811444,
      "val_auc_ecg": 0.9027623789799797,
      "val_delta_meta": 0.0005668974518163727,
      "w_fused": 1.0,
      "lr": 0.0009755527298894294
    },
    {
      "epoch": 2,
      "train_loss": 0.49685055487746493,
      "val_auc": 0.912069157424126,
      "val_f1": 0.6973992193715384,
      "val_auc_fused": 0.912069157424126,
      "val_auc_ecg": 0.908311654665374,
      "val_delta_meta": 0.0016454461875788917,
      "w_fused": 1.0,
      "lr": 0.0009046039886902864
    },
    {
      "epoch": 3,
      "train_loss": 0.46681786945106785,
      "val_auc": 0.9193601566037382,
      "val_f1": 0.7004227316028749,
      "val_auc_fused": 0.9193601566037382,
      "val_auc_ecg": 0.917982446013648,
      "val_delta_meta": 0.00038013664416980397,
      "w_fused": 1.0,
      "lr": 0.0007940987335200904
    },
    {
      "epoch": 4,
      "train_loss": 0.44434591017731834,
      "val_auc": 0.9195424909517182,
      "val_f1": 0.7208686903560478,
      "val_auc_fused": 0.9195424909517182,
      "val_auc_ecg": 0.9184489782140879,
      "val_delta_meta": 0.00018234312183140755,
      "w_fused": 1.0,
      "lr": 0.0006548539886902864
    },
    {
      "epoch": 5,
      "train_loss": 0.4273835297024578,
      "val_auc": 0.9213089715714847,
      "val_f1": 0.7241080470446367,
      "val_auc_fused": 0.9213089715714847,
      "val_auc_ecg": 0.9200085300398564,
      "val_delta_meta": 7.16567758993758e-05,
      "w_fused": 1.0,
      "lr": 0.0005005000000000001
    },
    {
      "epoch": 6,
      "train_loss": 0.4100915698009893,
      "val_auc": 0.9253461732116405,
      "val_f1": 0.7267326783143351,
      "val_auc_fused": 0.9253461732116405,
      "val_auc_ecg": 0.925794185711873,
      "val_delta_meta": -0.0004974617021369365,
      "w_fused": 1.0,
      "lr": 0.0003461460113097139
    },
    {
      "epoch": 7,
      "train_loss": 0.39033831809092007,
      "val_auc": 0.9302179102384761,
      "val_f1": 0.7367425497746322,
      "val_auc_fused": 0.9302179102384761,
      "val_auc_ecg": 0.9293653646461084,
      "val_delta_meta": 0.00020436686937663762,
      "w_fused": 1.0,
      "lr": 0.00020690126647990973
    },
    {
      "epoch": 8,
      "train_loss": 0.36979035674978833,
      "val_auc": 0.9309824365483961,
      "val_f1": 0.7393989113796038,
      "val_auc_fused": 0.9309824365483961,
      "val_auc_ecg": 0.930204315932696,
      "val_delta_meta": 0.0007750515431781402,
      "w_fused": 1.0,
      "lr": 9.639601130971382e-05
    },
    {
      "epoch": 9,
      "train_loss": 0.35495519140444765,
      "val_auc": 0.93097826995501,
      "val_f1": 0.7401242527064934,
      "val_auc_fused": 0.93097826995501,
      "val_auc_ecg": 0.9304627920522336,
      "val_delta_meta": 0.0005574339017480057,
      "w_fused": 1.0,
      "lr": 2.5447270110570814e-05
    },
    {
      "epoch": 10,
      "train_loss": 0.34120334299332505,
      "val_auc": 0.9320197942328191,
      "val_f1": 0.7438323376735761,
      "val_auc_fused": 0.9320197942328191,
      "val_auc_ecg": 0.9316676036034093,
      "val_delta_meta": 0.0004752524685465165,
      "w_fused": 1.0,
      "lr": 0.001
    }
  ]
}