{
  "metadata": {
    "variant": "demo+anthro",
    "seed": 2024,
    "timestamp": "2026-04-16T02:11:10.207300",
    "config": {
      "batch_size": 32,
      "lr": 0.001,
      "epochs": 10,
      "meta_dropout_p": 0.1,
      "gradient_accumulation_steps": 2,
      "max_grad_norm": 1.0
    },
    "dataset_sizes": {
      "train": 17418,
      "validation": 2183,
      "test": 2198
    },
    "num_parameters": 3819855,
    "pos_weights": [
      1.0,
      2.299999952316284,
      2.440000057220459,
      2.6700000762939453,
      5.579999923706055
    ]
  },
  "validation": {
    "best_auc": 0.93280594913508,
    "best_delta_meta": 0.000592108407291958,
    "best_epoch": 9
  },
  "test": {
    "macro_auc": 0.9279511150568988,
    "macro_f1_optimal": 0.7479108737384964,
    "macro_f1_fixed": 0.7431006836307994,
    "auc_ecg_only": 0.9266346214119329,
    "auc_fused_only": 0.9279511150568988,
    "auc_meta_disabled": 0.9263593994431417,
    "delta_meta_auc": 0.0015917156137570387,
    "w_fused": 1.0,
    "thresholds": [
      0.4399999976158142,
      0.42500001192092896,
      0.574999988079071,
      0.5450000166893005,
      0.7250000238418579
    ]
  },
  "per_class": {
    "NORM": {
      "auc": 0.9489466537179277,
      "f1": 0.8622179548727796,
      "threshold": 0.4399999976158142
    },
    "MI": {
      "auc": 0.9287544130626655,
      "f1": 0.7475247524752475,
      "threshold": 0.42500001192092896
    },
    "STTC": {
      "auc": 0.9375633071120283,
      "f1": 0.7761467889908257,
      "threshold": 0.574999988079071
    },
    "CD": {
      "auc": 0.9184166635078277,
      "f1": 0.7408829174664108,
      "threshold": 0.5450000166893005
    },
    "HYP": {
      "auc": 0.9060745378840451,
      "f1": 0.612781954887218,
      "threshold": 0.7250000238418579
    }
  },
  "training_history": [
    {
      "epoch": 1,
      "train_loss": 0.5725958054765649,
      "val_auc": 0.905026526244605,
      "val_f1": 0.7038878465809723,
      "val_auc_fused": 0.905026526244605,
      "val_auc_ecg": 0.9020675071489952,
      "val_delta_meta": 0.0006870130045900646,
      "w_fused": 1.0,
      "lr": 0.0009755527298894294
    },
    {
      "epoch": 2,
      "train_loss": 0.49157076368638136,
      "val_auc": 0.9132316535331357,
      "val_f1": 0.7067648901135503,
      "val_auc_fused": 0.9132316535331357,
      "val_auc_ecg": 0.9111659305437019,
      "val_delta_meta": 0.0007060480699964122,
      "w_fused": 1.0,
      "lr": 0.0009046039886902864
    },
    {
      "epoch": 3,
      "train_loss": 0.46984470453831034,
      "val_auc": 0.9202216402370006,
      "val_f1": 0.7219327332031082,
      "val_auc_fused": 0.9202216402370006,
      "val_auc_ecg": 0.9201857474094094,
      "val_delta_meta": -0.0010378871370189113,
      "w_fused": 1.0,
      "lr": 0.0007940987335200904
    },
    {
      "epoch": 4,
      "train_loss": 0.44700858150053463,
      "val_auc": 0.9238799154955915,
      "val_f1": 0.7176403828545875,
      "val_auc_fused": 0.9238799154955915,
      "val_auc_ecg": 0.9224357729717477,
      "val_delta_meta": -0.0002296522297957626,
      "w_fused": 1.0,
      "lr": 0.0006548539886902864
    },
    {
      "epoch": 5,
      "train_loss": 0.4263076835269228,
      "val_auc": 0.9282207029593783,
      "val_f1": 0.7345876146191914,
      "val_auc_fused": 0.9282207029593783,
      "val_auc_ecg": 0.9268999705110336,
      "val_delta_meta": 0.0010093899987004828,
      "w_fused": 1.0,
      "lr": 0.0005005000000000001
    },
    {
      "epoch": 6,
      "train_loss": 0.4060946670147257,
      "val_auc": 0.9265947384831789,
      "val_f1": 0.7336489712347297,
      "val_auc_fused": 0.9265947384831789,
      "val_auc_ecg": 0.924432515878143,
      "val_delta_meta": 0.0005038715734594357,
      "w_fused": 1.0,
      "lr": 0.0003461460113097139
    },
    {
      "epoch": 7,
      "train_loss": 0.3886732197682792,
      "val_auc": 0.931487801130279,
      "val_f1": 0.7497690428746655,
      "val_auc_fused": 0.931487801130279,
      "val_auc_ecg": 0.9302541081733393,
      "val_delta_meta": 0.0008459799385744926,
      "w_fused": 1.0,
      "lr": 0.00020690126647990973
    },
    {
      "epoch": 8,
      "train_loss": 0.3713475920465014,
      "val_auc": 0.9312801323320142,
      "val_f1": 0.7380102115320109,
      "val_auc_fused": 0.9312801323320142,
      "val_auc_ecg": 0.930341042449399,
      "val_delta_meta": 0.0005341514033698758,
      "w_fused": 1.0,
      "lr": 9.639601130971382e-05
    },
    {
      "epoch": 9,
      "train_loss": 0.3516411139330733,
      "val_auc": 0.93280594913508,
      "val_f1": 0.7460569077232728,
      "val_auc_fused": 0.93280594913508,
      "val_auc_ecg": 0.9319677819520237,
      "val_delta_meta": 0.000592108407291958,
      "w_fused": 1.0,
      "lr": 2.5447270110570814e-05
    },
    {
      "epoch": 10,
      "train_loss": 0.34283879207908563,
      "val_auc": 0.930120204469078,
      "val_f1": 0.7457635883346241,
      "val_auc_fused": 0.930120204469078,
      "val_auc_ecg": 0.9294039861246721,
      "val_delta_meta": 0.0009508391109879222,
      "w_fused": 1.0,
      "lr": 0.001
    }
  ]
}