{
  "metadata": {
    "variant": "none",
    "seed": 2032,
    "timestamp": "2026-04-14T14:31:31.208689",
    "config": {
      "batch_size": 32,
      "lr": 0.001,
      "epochs": 10,
      "meta_dropout_p": 0.1,
      "gradient_accumulation_steps": 2,
      "max_grad_norm": 1.0
    },
    "dataset_sizes": {
      "train": 17418,
      "validation": 2183,
      "test": 2198
    },
    "num_parameters": 3819855,
    "pos_weights": [
      1.0,
      2.299999952316284,
      2.440000057220459,
      2.6700000762939453,
      5.579999923706055
    ]
  },
  "validation": {
    "best_auc": 0.9327368724337346,
    "best_delta_meta": 0.0,
    "best_epoch": 10
  },
  "test": {
    "macro_auc": 0.926850985734562,
    "macro_f1_optimal": 0.74460823773468,
    "macro_f1_fixed": 0.7430934657847402,
    "auc_ecg_only": 0.9267178198017303,
    "auc_fused_only": 0.926850985734562,
    "auc_meta_disabled": 0.926850985734562,
    "delta_meta_auc": 0.0,
    "w_fused": 1.0,
    "thresholds": [
      0.5149999856948853,
      0.6050000190734863,
      0.6200000047683716,
      0.7400000095367432,
      0.574999988079071
    ]
  },
  "per_class": {
    "NORM": {
      "auc": 0.9483521888834235,
      "f1": 0.8636363636363635,
      "threshold": 0.5149999856948853
    },
    "MI": {
      "auc": 0.920518534863195,
      "f1": 0.7304507819687214,
      "threshold": 0.6050000190734863
    },
    "STTC": {
      "auc": 0.9370585670188402,
      "f1": 0.7715078630897317,
      "threshold": 0.6200000047683716
    },
    "CD": {
      "auc": 0.9194614495280694,
      "f1": 0.7472766884531591,
      "threshold": 0.7400000095367432
    },
    "HYP": {
      "auc": 0.9088641883792821,
      "f1": 0.6101694915254238,
      "threshold": 0.574999988079071
    }
  },
  "training_history": [
    {
      "epoch": 1,
      "train_loss": 0.530441301213492,
      "val_auc": 0.8769548369178487,
      "val_f1": 0.6502454875072686,
      "val_auc_fused": 0.8769548369178487,
      "val_auc_ecg": 0.8779719929081722,
      "val_delta_meta": 0.0,
      "w_fused": 1.0,
      "lr": 0.0009755527298894294
    },
    {
      "epoch": 2,
      "train_loss": 0.4554831532983605,
      "val_auc": 0.9112753461719378,
      "val_f1": 0.7043456599709481,
      "val_auc_fused": 0.9112753461719378,
      "val_auc_ecg": 0.911558684708092,
      "val_delta_meta": 0.0,
      "w_fused": 1.0,
      "lr": 0.0009046039886902864
    },
    {
      "epoch": 3,
      "train_loss": 0.42329258932432995,
      "val_auc": 0.9095947824563323,
      "val_f1": 0.704299458416879,
      "val_auc_fused": 0.9095947824563323,
      "val_auc_ecg": 0.9086030969847976,
      "val_delta_meta": 0.0,
      "w_fused": 1.0,
      "lr": 0.0007940987335200904
    },
    {
      "epoch": 4,
      "train_loss": 0.4005022951222341,
      "val_auc": 0.9210575859912886,
      "val_f1": 0.726609787687021,
      "val_auc_fused": 0.9210575859912886,
      "val_auc_ecg": 0.9205534483534861,
      "val_delta_meta": 0.0,
      "w_fused": 1.0,
      "lr": 0.0006548539886902864
    },
    {
      "epoch": 5,
      "train_loss": 0.3796700396395605,
      "val_auc": 0.9251745836689601,
      "val_f1": 0.7300350274698726,
      "val_auc_fused": 0.9251745836689601,
      "val_auc_ecg": 0.9249347217639002,
      "val_delta_meta": 0.0,
      "w_fused": 1.0,
      "lr": 0.0005005000000000001
    },
    {
      "epoch": 6,
      "train_loss": 0.3650112053123089,
      "val_auc": 0.9270466863792098,
      "val_f1": 0.7373082639289057,
      "val_auc_fused": 0.9270466863792098,
      "val_auc_ecg": 0.9273578145046454,
      "val_delta_meta": 0.0,
      "w_fused": 1.0,
      "lr": 0.0003461460113097139
    },
    {
      "epoch": 7,
      "train_loss": 0.34628602074920584,
      "val_auc": 0.9309271825549237,
      "val_f1": 0.7460563448806407,
      "val_auc_fused": 0.9309271825549237,
      "val_auc_ecg": 0.9310595200556309,
      "val_delta_meta": 0.0,
      "w_fused": 1.0,
      "lr": 0.00020690126647990973
    },
    {
      "epoch": 8,
      "train_loss": 0.32762192400223616,
      "val_auc": 0.9309298678378903,
      "val_f1": 0.7418031842702282,
      "val_auc_fused": 0.9309298678378903,
      "val_auc_ecg": 0.930697584013358,
      "val_delta_meta": 0.0,
      "w_fused": 1.0,
      "lr": 9.639601130971382e-05
    },
    {
      "epoch": 9,
      "train_loss": 0.3115347704482735,
      "val_auc": 0.9304114859535556,
      "val_f1": 0.7411825902976859,
      "val_auc_fused": 0.9304114859535556,
      "val_auc_ecg": 0.9303940307384686,
      "val_delta_meta": 0.0,
      "w_fused": 1.0,
      "lr": 2.5447270110570814e-05
    },
    {
      "epoch": 10,
      "train_loss": 0.3030794867681801,
      "val_auc": 0.9327368724337346,
      "val_f1": 0.7469888288127193,
      "val_auc_fused": 0.9327368724337346,
      "val_auc_ecg": 0.932703785768112,
      "val_delta_meta": 0.0,
      "w_fused": 1.0,
      "lr": 0.001
    }
  ]
}