{
  "metadata": {
    "variant": "demo+anthro",
    "seed": 2031,
    "timestamp": "2026-04-14T21:52:55.257041",
    "config": {
      "batch_size": 32,
      "lr": 0.001,
      "epochs": 10,
      "meta_dropout_p": 0.1,
      "gradient_accumulation_steps": 2,
      "max_grad_norm": 1.0
    },
    "dataset_sizes": {
      "train": 17418,
      "validation": 2183,
      "test": 2198
    },
    "num_parameters": 3819855,
    "pos_weights": [
      1.0,
      2.299999952316284,
      2.440000057220459,
      2.6700000762939453,
      5.579999923706055
    ]
  },
  "validation": {
    "best_auc": 0.9312057616046818,
    "best_delta_meta": 7.646967238861269e-05,
    "best_epoch": 10
  },
  "test": {
    "macro_auc": 0.9282751257126923,
    "macro_f1_optimal": 0.7374910257377071,
    "macro_f1_fixed": 0.7406211781110956,
    "auc_ecg_only": 0.9278668294423656,
    "auc_fused_only": 0.9282751257126923,
    "auc_meta_disabled": 0.9280637858598194,
    "delta_meta_auc": 0.000211339852872916,
    "w_fused": 1.0,
    "thresholds": [
      0.4699999988079071,
      0.6650000214576721,
      0.6949999928474426,
      0.7850000262260437,
      0.5149999856948853
    ]
  },
  "per_class": {
    "NORM": {
      "auc": 0.9479208445268456,
      "f1": 0.8596153846153846,
      "threshold": 0.4699999988079071
    },
    "MI": {
      "auc": 0.9297517652250662,
      "f1": 0.7222222222222221,
      "threshold": 0.6650000214576721
    },
    "STTC": {
      "auc": 0.9367518315427078,
      "f1": 0.7517173699705594,
      "threshold": 0.6949999928474426
    },
    "CD": {
      "auc": 0.9175566695727986,
      "f1": 0.7466960352422908,
      "threshold": 0.7850000262260437
    },
    "HYP": {
      "auc": 0.9093945176960444,
      "f1": 0.6072041166380788,
      "threshold": 0.5149999856948853
    }
  },
  "training_history": [
    {
      "epoch": 1,
      "train_loss": 0.5808536396660936,
      "val_auc": 0.8945643154846452,
      "val_f1": 0.6756466356301829,
      "val_auc_fused": 0.8945643154846452,
      "val_auc_ecg": 0.8900927687686903,
      "val_delta_meta": 0.0005341874233812938,
      "w_fused": 1.0,
      "lr": 0.0009755527298894294
    },
    {
      "epoch": 2,
      "train_loss": 0.5009226824165485,
      "val_auc": 0.9137506868899695,
      "val_f1": 0.7115868933580185,
      "val_auc_fused": 0.9137506868899695,
      "val_auc_ecg": 0.9127460747385872,
      "val_delta_meta": 0.000816270672405528,
      "w_fused": 1.0,
      "lr": 0.0009046039886902864
    },
    {
      "epoch": 3,
      "train_loss": 0.47031381458317467,
      "val_auc": 0.9086290214277206,
      "val_f1": 0.690453224891632,
      "val_auc_fused": 0.9086290214277206,
      "val_auc_ecg": 0.908157802975105,
      "val_delta_meta": 8.396561478907216e-05,
      "w_fused": 1.0,
      "lr": 0.0007940987335200904
    },
    {
      "epoch": 4,
      "train_loss": 0.44517747491871545,
      "val_auc": 0.9243837798922719,
      "val_f1": 0.7227145113727966,
      "val_auc_fused": 0.9243837798922719,
      "val_auc_ecg": 0.9230709320658772,
      "val_delta_meta": 0.0009741650502560484,
      "w_fused": 1.0,
      "lr": 0.0006548539886902864
    },
    {
      "epoch": 5,
      "train_loss": 0.4274872346482146,
      "val_auc": 0.9249759766418396,
      "val_f1": 0.7362669423935595,
      "val_auc_fused": 0.9249759766418396,
      "val_auc_ecg": 0.9245606833761363,
      "val_delta_meta": 0.0004129366721610239,
      "w_fused": 1.0,
      "lr": 0.0005005000000000001
    },
    {
      "epoch": 6,
      "train_loss": 0.41065409131553193,
      "val_auc": 0.9235767157532692,
      "val_f1": 0.7263567492397524,
      "val_auc_fused": 0.9235767157532692,
      "val_auc_ecg": 0.9236027348098128,
      "val_delta_meta": -0.0005173862642638971,
      "w_fused": 1.0,
      "lr": 0.0003461460113097139
    },
    {
      "epoch": 7,
      "train_loss": 0.3919230464401595,
      "val_auc": 0.9285378247269536,
      "val_f1": 0.7383710818454442,
      "val_auc_fused": 0.9285378247269536,
      "val_auc_ecg": 0.9286307248438728,
      "val_delta_meta": 6.125107212540115e-07,
      "w_fused": 1.0,
      "lr": 0.00020690126647990973
    },
    {
      "epoch": 8,
      "train_loss": 0.3714714865892305,
      "val_auc": 0.9286428030302686,
      "val_f1": 0.7438911572500676,
      "val_auc_fused": 0.9286428030302686,
      "val_auc_ecg": 0.9289547609947124,
      "val_delta_meta": -0.00011128943291693894,
      "w_fused": 1.0,
      "lr": 9.639601130971382e-05
    },
    {
      "epoch": 9,
      "train_loss": 0.35887157102243616,
      "val_auc": 0.9302539173671723,
      "val_f1": 0.7438731712235958,
      "val_auc_fused": 0.9302539173671723,
      "val_auc_ecg": 0.9302215021157079,
      "val_delta_meta": -4.855263901226703e-05,
      "w_fused": 1.0,
      "lr": 2.5447270110570814e-05
    },
    {
      "epoch": 10,
      "train_loss": 0.34516206389173454,
      "val_auc": 0.9312057616046818,
      "val_f1": 0.7419954429150684,
      "val_auc_fused": 0.9312057616046818,
      "val_auc_ecg": 0.9309438277883487,
      "val_delta_meta": 7.646967238861269e-05,
      "w_fused": 1.0,
      "lr": 0.001
    }
  ]
}