{
  "metadata": {
    "variant": "demo",
    "seed": 2030,
    "timestamp": "2026-04-14T17:28:08.499578",
    "config": {
      "batch_size": 32,
      "lr": 0.001,
      "epochs": 10,
      "meta_dropout_p": 0.1,
      "gradient_accumulation_steps": 2,
      "max_grad_norm": 1.0
    },
    "dataset_sizes": {
      "train": 17418,
      "validation": 2183,
      "test": 2198
    },
    "num_parameters": 3819855,
    "pos_weights": [
      1.0,
      2.299999952316284,
      2.440000057220459,
      2.6700000762939453,
      5.579999923706055
    ]
  },
  "validation": {
    "best_auc": 0.9315941391648254,
    "best_delta_meta": -0.0001542497965593137,
    "best_epoch": 10
  },
  "test": {
    "macro_auc": 0.9274103699170698,
    "macro_f1_optimal": 0.7452947185045178,
    "macro_f1_fixed": 0.7428330950771806,
    "auc_ecg_only": 0.9276320430199997,
    "auc_fused_only": 0.9274103699170698,
    "auc_meta_disabled": 0.9271492730768094,
    "delta_meta_auc": 0.000261096840260433,
    "w_fused": 1.0,
    "thresholds": [
      0.574999988079071,
      0.6349999904632568,
      0.5600000023841858,
      0.574999988079071,
      0.7400000095367432
    ]
  },
  "per_class": {
    "NORM": {
      "auc": 0.9488188479826454,
      "f1": 0.8611925708699903,
      "threshold": 0.574999988079071
    },
    "MI": {
      "auc": 0.9239199029126214,
      "f1": 0.7233644859813084,
      "threshold": 0.6349999904632568
    },
    "STTC": {
      "auc": 0.9370894694735251,
      "f1": 0.7706255666364461,
      "threshold": 0.5600000023841858
    },
    "CD": {
      "auc": 0.9161494067700239,
      "f1": 0.7580645161290323,
      "threshold": 0.574999988079071
    },
    "HYP": {
      "auc": 0.9110742224465334,
      "f1": 0.6132264529058116,
      "threshold": 0.7400000095367432
    }
  },
  "training_history": [
    {
      "epoch": 1,
      "train_loss": 0.5767393165225283,
      "val_auc": 0.9063951001590963,
      "val_f1": 0.6961800861024467,
      "val_auc_fused": 0.9063951001590963,
      "val_auc_ecg": 0.9041077153319336,
      "val_delta_meta": 0.0012747394351888541,
      "w_fused": 1.0,
      "lr": 0.0009755527298894294
    },
    {
      "epoch": 2,
      "train_loss": 0.4976943379695262,
      "val_auc": 0.910129508234143,
      "val_f1": 0.6974550583007428,
      "val_auc_fused": 0.910129508234143,
      "val_auc_ecg": 0.9067124582070576,
      "val_delta_meta": 0.0007643759062488931,
      "w_fused": 1.0,
      "lr": 0.0009046039886902864
    },
    {
      "epoch": 3,
      "train_loss": 0.4680458735435381,
      "val_auc": 0.9206552838180746,
      "val_f1": 0.7122726808163187,
      "val_auc_fused": 0.9206552838180746,
      "val_auc_ecg": 0.9191377646979143,
      "val_delta_meta": 2.3632632377368346e-05,
      "w_fused": 1.0,
      "lr": 0.0007940987335200904
    },
    {
      "epoch": 4,
      "train_loss": 0.4458951795319898,
      "val_auc": 0.9211697365121289,
      "val_f1": 0.7250155485208198,
      "val_auc_fused": 0.9211697365121289,
      "val_auc_ecg": 0.9203498546452835,
      "val_delta_meta": 0.00036249504324026294,
      "w_fused": 1.0,
      "lr": 0.0006548539886902864
    },
    {
      "epoch": 5,
      "train_loss": 0.4273874668900026,
      "val_auc": 0.92230659491195,
      "val_f1": 0.7257344854409352,
      "val_auc_fused": 0.92230659491195,
      "val_auc_ecg": 0.9214130317690321,
      "val_delta_meta": 9.53098008962261e-05,
      "w_fused": 1.0,
      "lr": 0.0005005000000000001
    },
    {
      "epoch": 6,
      "train_loss": 0.4121965183030575,
      "val_auc": 0.9252434585322901,
      "val_f1": 0.7261759683174246,
      "val_auc_fused": 0.9252434585322901,
      "val_auc_ecg": 0.925726857186083,
      "val_delta_meta": -0.0006154398033429986,
      "w_fused": 1.0,
      "lr": 0.0003461460113097139
    },
    {
      "epoch": 7,
      "train_loss": 0.3918186606343733,
      "val_auc": 0.9302467269835848,
      "val_f1": 0.7398319414451152,
      "val_auc_fused": 0.9302467269835848,
      "val_auc_ecg": 0.930128631386174,
      "val_delta_meta": -0.00010925933140693012,
      "w_fused": 1.0,
      "lr": 0.00020690126647990973
    },
    {
      "epoch": 8,
      "train_loss": 0.37228224857137837,
      "val_auc": 0.9301696349643995,
      "val_f1": 0.7363646076118189,
      "val_auc_fused": 0.9301696349643995,
      "val_auc_ecg": 0.9304473063091192,
      "val_delta_meta": -0.0001949549422679553,
      "w_fused": 1.0,
      "lr": 9.639601130971382e-05
    },
    {
      "epoch": 9,
      "train_loss": 0.3570648113521961,
      "val_auc": 0.9302855750025214,
      "val_f1": 0.7430828141257264,
      "val_auc_fused": 0.9302855750025214,
      "val_auc_ecg": 0.9308370497485339,
      "val_delta_meta": -0.00022038030990945146,
      "w_fused": 1.0,
      "lr": 2.5447270110570814e-05
    },
    {
      "epoch": 10,
      "train_loss": 0.34433666883258646,
      "val_auc": 0.9315941391648254,
      "val_f1": 0.7468132181371665,
      "val_auc_fused": 0.9315941391648254,
      "val_auc_ecg": 0.9320017594369638,
      "val_delta_meta": -0.0001542497965593137,
      "w_fused": 1.0,
      "lr": 0.001
    }
  ]
}