{
  "metadata": {
    "variant": "demo",
    "seed": 2025,
    "timestamp": "2026-04-15T23:56:46.746311",
    "config": {
      "batch_size": 32,
      "lr": 0.001,
      "epochs": 10,
      "meta_dropout_p": 0.1,
      "gradient_accumulation_steps": 2,
      "max_grad_norm": 1.0
    },
    "dataset_sizes": {
      "train": 17418,
      "validation": 2183,
      "test": 2198
    },
    "num_parameters": 3819855,
    "pos_weights": [
      1.0,
      2.299999952316284,
      2.440000057220459,
      2.6700000762939453,
      5.579999923706055
    ]
  },
  "validation": {
    "best_auc": 0.9320930694811599,
    "best_delta_meta": 0.00017646308591423576,
    "best_epoch": 10
  },
  "test": {
    "macro_auc": 0.9283915366866087,
    "macro_f1_optimal": 0.7499089513439777,
    "macro_f1_fixed": 0.7447512054597744,
    "auc_ecg_only": 0.9280919590046525,
    "auc_fused_only": 0.9283915366866087,
    "auc_meta_disabled": 0.9284577622715344,
    "delta_meta_auc": -6.622558492574981e-05,
    "w_fused": 1.0,
    "thresholds": [
      0.5299999713897705,
      0.4099999964237213,
      0.5299999713897705,
      0.5899999737739563,
      0.574999988079071
    ]
  },
  "per_class": {
    "NORM": {
      "auc": 0.9480486502621279,
      "f1": 0.8636363636363635,
      "threshold": 0.5299999713897705
    },
    "MI": {
      "auc": 0.9298676081200352,
      "f1": 0.7529021558872303,
      "threshold": 0.4099999964237213
    },
    "STTC": {
      "auc": 0.936184142004791,
      "f1": 0.7682596934174932,
      "threshold": 0.5299999713897705
    },
    "CD": {
      "auc": 0.9181157840870324,
      "f1": 0.7540322580645161,
      "threshold": 0.5899999737739563
    },
    "HYP": {
      "auc": 0.9097414989590563,
      "f1": 0.6107142857142858,
      "threshold": 0.574999988079071
    }
  },
  "training_history": [
    {
      "epoch": 1,
      "train_loss": 0.5809810707328517,
      "val_auc": 0.9012654799938575,
      "val_f1": 0.6930310604682339,
      "val_auc_fused": 0.9012654799938575,
      "val_auc_ecg": 0.8983166505939438,
      "val_delta_meta": 0.001175342372099486,
      "w_fused": 1.0,
      "lr": 0.0009755527298894294
    },
    {
      "epoch": 2,
      "train_loss": 0.5006624960024423,
      "val_auc": 0.915601686153599,
      "val_f1": 0.7009622564164083,
      "val_auc_fused": 0.915601686153599,
      "val_auc_ecg": 0.9147900394767298,
      "val_delta_meta": 0.0005494640545457008,
      "w_fused": 1.0,
      "lr": 0.0009046039886902864
    },
    {
      "epoch": 3,
      "train_loss": 0.47088087578432275,
      "val_auc": 0.9195110225451234,
      "val_f1": 0.7222033608611698,
      "val_auc_fused": 0.9195110225451234,
      "val_auc_ecg": 0.9187165607164692,
      "val_delta_meta": 0.0008407508951387976,
      "w_fused": 1.0,
      "lr": 0.0007940987335200904
    },
    {
      "epoch": 4,
      "train_loss": 0.44689277867111593,
      "val_auc": 0.9254331691003044,
      "val_f1": 0.736666360720191,
      "val_auc_fused": 0.9254331691003044,
      "val_auc_ecg": 0.9244795669487134,
      "val_delta_meta": 0.0004105903385139831,
      "w_fused": 1.0,
      "lr": 0.0006548539886902864
    },
    {
      "epoch": 5,
      "train_loss": 0.4289079936545923,
      "val_auc": 0.9239165779970365,
      "val_f1": 0.7243984775970128,
      "val_auc_fused": 0.9239165779970365,
      "val_auc_ecg": 0.922533692942418,
      "val_delta_meta": 0.0006616840635137455,
      "w_fused": 1.0,
      "lr": 0.0005005000000000001
    },
    {
      "epoch": 6,
      "train_loss": 0.41221508495851394,
      "val_auc": 0.9285688352849821,
      "val_f1": 0.7381148314836946,
      "val_auc_fused": 0.9285688352849821,
      "val_auc_ecg": 0.9273883876229178,
      "val_delta_meta": 0.0007262620122775454,
      "w_fused": 1.0,
      "lr": 0.0003461460113097139
    },
    {
      "epoch": 7,
      "train_loss": 0.3883807259415268,
      "val_auc": 0.9268715730094055,
      "val_f1": 0.7313012497669099,
      "val_auc_fused": 0.9268715730094055,
      "val_auc_ecg": 0.9256192661509495,
      "val_delta_meta": 0.00021626657688655904,
      "w_fused": 1.0,
      "lr": 0.00020690126647990973
    },
    {
      "epoch": 8,
      "train_loss": 0.37433067333260805,
      "val_auc": 0.9304995770700432,
      "val_f1": 0.7483686547592697,
      "val_auc_fused": 0.9304995770700432,
      "val_auc_ecg": 0.9294684441359549,
      "val_delta_meta": -6.892661711221937e-05,
      "w_fused": 1.0,
      "lr": 9.639601130971382e-05
    },
    {
      "epoch": 9,
      "train_loss": 0.3593492336229447,
      "val_auc": 0.9305443733811737,
      "val_f1": 0.7495380742749701,
      "val_auc_fused": 0.9305443733811737,
      "val_auc_ecg": 0.9296518175270465,
      "val_delta_meta": 0.00024999721784979556,
      "w_fused": 1.0,
      "lr": 2.5447270110570814e-05
    },
    {
      "epoch": 10,
      "train_loss": 0.3476441295595344,
      "val_auc": 0.9320930694811599,
      "val_f1": 0.7540287125741547,
      "val_auc_fused": 0.9320930694811599,
      "val_auc_ecg": 0.9315266664009837,
      "val_delta_meta": 0.00017646308591423576,
      "w_fused": 1.0,
      "lr": 0.001
    }
  ]
}