{
  "metadata": {
    "variant": "demo+anthro",
    "seed": 2033,
    "timestamp": "2026-04-14T22:59:38.527803",
    "config": {
      "batch_size": 32,
      "lr": 0.001,
      "epochs": 10,
      "meta_dropout_p": 0.1,
      "gradient_accumulation_steps": 2,
      "max_grad_norm": 1.0
    },
    "dataset_sizes": {
      "train": 17418,
      "validation": 2183,
      "test": 2198
    },
    "num_parameters": 3819855,
    "pos_weights": [
      1.0,
      2.299999952316284,
      2.440000057220459,
      2.6700000762939453,
      5.579999923706055
    ]
  },
  "validation": {
    "best_auc": 0.9324161578352081,
    "best_delta_meta": 0.00016439608519247528,
    "best_epoch": 10
  },
  "test": {
    "macro_auc": 0.9292723470916998,
    "macro_f1_optimal": 0.7446394969214802,
    "macro_f1_fixed": 0.7470388485409715,
    "auc_ecg_only": 0.9269755573306966,
    "auc_fused_only": 0.9292723470916998,
    "auc_meta_disabled": 0.9274260295006984,
    "delta_meta_auc": 0.0018463175910014007,
    "w_fused": 1.0,
    "thresholds": [
      0.5,
      0.7099999785423279,
      0.574999988079071,
      0.6200000047683716,
      0.48500001430511475
    ]
  },
  "per_class": {
    "NORM": {
      "auc": 0.9487969864752944,
      "f1": 0.8617332035053554,
      "threshold": 0.5
    },
    "MI": {
      "auc": 0.9312952338923212,
      "f1": 0.7373358348968105,
      "threshold": 0.7099999785423279
    },
    "STTC": {
      "auc": 0.9362905837931503,
      "f1": 0.7724770642201835,
      "threshold": 0.574999988079071
    },
    "CD": {
      "auc": 0.9169549107312079,
      "f1": 0.7463002114164905,
      "threshold": 0.6200000047683716
    },
    "HYP": {
      "auc": 0.9130240205665258,
      "f1": 0.6053511705685619,
      "threshold": 0.48500001430511475
    }
  },
  "training_history": [
    {
      "epoch": 1,
      "train_loss": 0.5767861461420671,
      "val_auc": 0.8978964858523364,
      "val_f1": 0.6838654703442646,
      "val_auc_fused": 0.8978964858523364,
      "val_auc_ecg": 0.8954867332589277,
      "val_delta_meta": 0.0012238663710320008,
      "w_fused": 1.0,
      "lr": 0.0009755527298894294
    },
    {
      "epoch": 2,
      "train_loss": 0.4998220709485745,
      "val_auc": 0.9105368664604659,
      "val_f1": 0.7076212464878611,
      "val_auc_fused": 0.9105368664604659,
      "val_auc_ecg": 0.9086180226109922,
      "val_delta_meta": 0.0008475295117108539,
      "w_fused": 1.0,
      "lr": 0.0009046039886902864
    },
    {
      "epoch": 3,
      "train_loss": 0.4674802562512389,
      "val_auc": 0.9171509979063479,
      "val_f1": 0.7109829224770554,
      "val_auc_fused": 0.9171509979063479,
      "val_auc_ecg": 0.9160331934728634,
      "val_delta_meta": 2.8451507651294783e-05,
      "w_fused": 1.0,
      "lr": 0.0007940987335200904
    },
    {
      "epoch": 4,
      "train_loss": 0.44631957488322477,
      "val_auc": 0.9234422681099635,
      "val_f1": 0.729922725716255,
      "val_auc_fused": 0.9234422681099635,
      "val_auc_ecg": 0.9223808604884111,
      "val_delta_meta": -0.0005041635095779373,
      "w_fused": 1.0,
      "lr": 0.0006548539886902864
    },
    {
      "epoch": 5,
      "train_loss": 0.4275019244863353,
      "val_auc": 0.9260060679995021,
      "val_f1": 0.7180228220745567,
      "val_auc_fused": 0.9260060679995021,
      "val_auc_ecg": 0.9242188787057316,
      "val_delta_meta": 0.0006378496221358665,
      "w_fused": 1.0,
      "lr": 0.0005005000000000001
    },
    {
      "epoch": 6,
      "train_loss": 0.4100365514875552,
      "val_auc": 0.9246897381290651,
      "val_f1": 0.729100535590798,
      "val_auc_fused": 0.9246897381290651,
      "val_auc_ecg": 0.9240699156572711,
      "val_delta_meta": 0.0005323877364173946,
      "w_fused": 1.0,
      "lr": 0.0003461460113097139
    },
    {
      "epoch": 7,
      "train_loss": 0.3892826735153111,
      "val_auc": 0.9284086832534941,
      "val_f1": 0.741700366150265,
      "val_auc_fused": 0.9284086832534941,
      "val_auc_ecg": 0.9279518620726817,
      "val_delta_meta": 6.291099992083993e-05,
      "w_fused": 1.0,
      "lr": 0.00020690126647990973
    },
    {
      "epoch": 8,
      "train_loss": 0.37292899809299257,
      "val_auc": 0.9255733594196105,
      "val_f1": 0.7210491724280549,
      "val_auc_fused": 0.9255733594196105,
      "val_auc_ecg": 0.9247901663765207,
      "val_delta_meta": 0.000451190484577646,
      "w_fused": 1.0,
      "lr": 9.639601130971382e-05
    },
    {
      "epoch": 9,
      "train_loss": 0.35518918502221414,
      "val_auc": 0.9314725596595439,
      "val_f1": 0.7528320352008329,
      "val_auc_fused": 0.9314725596595439,
      "val_auc_ecg": 0.930896341969963,
      "val_delta_meta": 0.00025325629778338854,
      "w_fused": 1.0,
      "lr": 2.5447270110570814e-05
    },
    {
      "epoch": 10,
      "train_loss": 0.34751362084248744,
      "val_auc": 0.9324161578352081,
      "val_f1": 0.7530690877033912,
      "val_auc_fused": 0.9324161578352081,
      "val_auc_ecg": 0.9318690566396789,
      "val_delta_meta": 0.00016439608519247528,
      "w_fused": 1.0,
      "lr": 0.001
    }
  ]
}