{
  "metadata": {
    "variant": "demo",
    "seed": 2027,
    "timestamp": "2026-04-14T15:43:30.831331",
    "config": {
      "batch_size": 32,
      "lr": 0.001,
      "epochs": 10,
      "meta_dropout_p": 0.1,
      "gradient_accumulation_steps": 2,
      "max_grad_norm": 1.0
    },
    "dataset_sizes": {
      "train": 17418,
      "validation": 2183,
      "test": 2198
    },
    "num_parameters": 3819855,
    "pos_weights": [
      1.0,
      2.299999952316284,
      2.440000057220459,
      2.6700000762939453,
      5.579999923706055
    ]
  },
  "validation": {
    "best_auc": 0.9322455038782855,
    "best_delta_meta": 0.00014111400275951258,
    "best_epoch": 10
  },
  "test": {
    "macro_auc": 0.9277792457758933,
    "macro_f1_optimal": 0.7433781107302999,
    "macro_f1_fixed": 0.7432884156722945,
    "auc_ecg_only": 0.9283704581303585,
    "auc_fused_only": 0.9277792457758933,
    "auc_meta_disabled": 0.9277879918477382,
    "delta_meta_auc": -8.746071844867309e-06,
    "w_fused": 1.0,
    "thresholds": [
      0.6349999904632568,
      0.5,
      0.5600000023841858,
      0.6800000071525574,
      0.4699999988079071
    ]
  },
  "per_class": {
    "NORM": {
      "auc": 0.9484766313098826,
      "f1": 0.8641490926924963,
      "threshold": 0.6349999904632568
    },
    "MI": {
      "auc": 0.9294152691968226,
      "f1": 0.7333939945404914,
      "threshold": 0.5
    },
    "STTC": {
      "auc": 0.9368662850785779,
      "f1": 0.7791970802919708,
      "threshold": 0.5600000023841858
    },
    "CD": {
      "auc": 0.9134876900041696,
      "f1": 0.7418032786885247,
      "threshold": 0.6800000071525574
    },
    "HYP": {
      "auc": 0.9106503532900133,
      "f1": 0.5983471074380166,
      "threshold": 0.4699999988079071
    }
  },
  "training_history": [
    {
      "epoch": 1,
      "train_loss": 0.5764562549394205,
      "val_auc": 0.8983773219705233,
      "val_f1": 0.6595649653173868,
      "val_auc_fused": 0.8983773219705233,
      "val_auc_ecg": 0.8950755397240959,
      "val_delta_meta": 0.0015987286698431191,
      "w_fused": 1.0,
      "lr": 0.0009755527298894294
    },
    {
      "epoch": 2,
      "train_loss": 0.5038726715319747,
      "val_auc": 0.9128429468389623,
      "val_f1": 0.7125130345585372,
      "val_auc_fused": 0.9128429468389623,
      "val_auc_ecg": 0.9105850535140176,
      "val_delta_meta": 0.0013802563054705619,
      "w_fused": 1.0,
      "lr": 0.0009046039886902864
    },
    {
      "epoch": 3,
      "train_loss": 0.47152831620032637,
      "val_auc": 0.9172121114876614,
      "val_f1": 0.717264762400787,
      "val_auc_fused": 0.9172121114876614,
      "val_auc_ecg": 0.915518676861957,
      "val_delta_meta": 0.0005462432997171973,
      "w_fused": 1.0,
      "lr": 0.0007940987335200904
    },
    {
      "epoch": 4,
      "train_loss": 0.44776525081844504,
      "val_auc": 0.9217272668548177,
      "val_f1": 0.7195764573856324,
      "val_auc_fused": 0.9217272668548177,
      "val_auc_ecg": 0.921252627331941,
      "val_delta_meta": 0.00017853509553766855,
      "w_fused": 1.0,
      "lr": 0.0006548539886902864
    },
    {
      "epoch": 5,
      "train_loss": 0.43022975905225913,
      "val_auc": 0.9264161408484091,
      "val_f1": 0.7347484024931004,
      "val_auc_fused": 0.9264161408484091,
      "val_auc_ecg": 0.9259658093775369,
      "val_delta_meta": 0.00012522551802707227,
      "w_fused": 1.0,
      "lr": 0.0005005000000000001
    },
    {
      "epoch": 6,
      "train_loss": 0.4114663178767633,
      "val_auc": 0.919835478571715,
      "val_f1": 0.724999171729133,
      "val_auc_fused": 0.919835478571715,
      "val_auc_ecg": 0.9188952379662647,
      "val_delta_meta": -0.0002154637551923244,
      "w_fused": 1.0,
      "lr": 0.0003461460113097139
    },
    {
      "epoch": 7,
      "train_loss": 0.3941320717608163,
      "val_auc": 0.9280402923042381,
      "val_f1": 0.7451451128013575,
      "val_auc_fused": 0.9280402923042381,
      "val_auc_ecg": 0.927540128850222,
      "val_delta_meta": 0.00014274841593031606,
      "w_fused": 1.0,
      "lr": 0.00020690126647990973
    },
    {
      "epoch": 8,
      "train_loss": 0.3743834234158927,
      "val_auc": 0.9317818747524258,
      "val_f1": 0.7442347760654773,
      "val_auc_fused": 0.9317818747524258,
      "val_auc_ecg": 0.9313123485458725,
      "val_delta_meta": -4.6109172973873847e-05,
      "w_fused": 1.0,
      "lr": 9.639601130971382e-05
    },
    {
      "epoch": 9,
      "train_loss": 0.35932201319331425,
      "val_auc": 0.9319083133534395,
      "val_f1": 0.7438345072941536,
      "val_auc_fused": 0.9319083133534395,
      "val_auc_ecg": 0.9317060255408828,
      "val_delta_meta": 5.9352675845336655e-05,
      "w_fused": 1.0,
      "lr": 2.5447270110570814e-05
    },
    {
      "epoch": 10,
      "train_loss": 0.34732947581951773,
      "val_auc": 0.9322455038782855,
      "val_f1": 0.7467245553134705,
      "val_auc_fused": 0.9322455038782855,
      "val_auc_ecg": 0.9320757675169634,
      "val_delta_meta": 0.00014111400275951258,
      "w_fused": 1.0,
      "lr": 0.001
    }
  ]
}