{
  "metadata": {
    "variant": "demo",
    "seed": 2033,
    "timestamp": "2026-04-14T19:06:50.514339",
    "config": {
      "batch_size": 32,
      "lr": 0.001,
      "epochs": 10,
      "meta_dropout_p": 0.1,
      "gradient_accumulation_steps": 2,
      "max_grad_norm": 1.0
    },
    "dataset_sizes": {
      "train": 17418,
      "validation": 2183,
      "test": 2198
    },
    "num_parameters": 3819855,
    "pos_weights": [
      1.0,
      2.299999952316284,
      2.440000057220459,
      2.6700000762939453,
      5.579999923706055
    ]
  },
  "validation": {
    "best_auc": 0.9325100590055259,
    "best_delta_meta": 0.00042606655018739836,
    "best_epoch": 10
  },
  "test": {
    "macro_auc": 0.9278346102840306,
    "macro_f1_optimal": 0.7456367949289318,
    "macro_f1_fixed": 0.7412570807995993,
    "auc_ecg_only": 0.9268951687883593,
    "auc_fused_only": 0.9278346102840306,
    "auc_meta_disabled": 0.9273595567146504,
    "delta_meta_auc": 0.0004750535693801572,
    "w_fused": 1.0,
    "thresholds": [
      0.4399999976158142,
      0.6050000190734863,
      0.6200000047683716,
      0.4699999988079071,
      0.6349999904632568
    ]
  },
  "per_class": {
    "NORM": {
      "auc": 0.9491644279642313,
      "f1": 0.8639391056137011,
      "threshold": 0.4399999976158142
    },
    "MI": {
      "auc": 0.9264408649602824,
      "f1": 0.7356321839080461,
      "threshold": 0.6050000190734863
    },
    "STTC": {
      "auc": 0.9364319339099503,
      "f1": 0.7670720299345183,
      "threshold": 0.6200000047683716
    },
    "CD": {
      "auc": 0.9173529244532052,
      "f1": 0.7430221366698748,
      "threshold": 0.4699999988079071
    },
    "HYP": {
      "auc": 0.9097829001324836,
      "f1": 0.6185185185185186,
      "threshold": 0.6349999904632568
    }
  },
  "training_history": [
    {
      "epoch": 1,
      "train_loss": 0.5807379892659843,
      "val_auc": 0.8984426892043423,
      "val_f1": 0.6902188311138298,
      "val_auc_fused": 0.8984426892043423,
      "val_auc_ecg": 0.8967888518718576,
      "val_delta_meta": 0.0016512821260061816,
      "w_fused": 1.0,
      "lr": 0.0009755527298894294
    },
    {
      "epoch": 2,
      "train_loss": 0.5039445659983048,
      "val_auc": 0.9108044307982295,
      "val_f1": 0.7065849926566377,
      "val_auc_fused": 0.9108044307982295,
      "val_auc_ecg": 0.9091688972362976,
      "val_delta_meta": 0.0003898131949217065,
      "w_fused": 1.0,
      "lr": 0.0009046039886902864
    },
    {
      "epoch": 3,
      "train_loss": 0.47051771780766477,
      "val_auc": 0.9181440412414329,
      "val_f1": 0.7206008672250986,
      "val_auc_fused": 0.9181440412414329,
      "val_auc_ecg": 0.9161597802097348,
      "val_delta_meta": 0.0002721511020352674,
      "w_fused": 1.0,
      "lr": 0.0007940987335200904
    },
    {
      "epoch": 4,
      "train_loss": 0.44819464174979323,
      "val_auc": 0.9209120423428235,
      "val_f1": 0.7271782880807729,
      "val_auc_fused": 0.9209120423428235,
      "val_auc_ecg": 0.9203573963849173,
      "val_delta_meta": -0.0003713756297066828,
      "w_fused": 1.0,
      "lr": 0.0006548539886902864
    },
    {
      "epoch": 5,
      "train_loss": 0.4312244004065837,
      "val_auc": 0.9263389303989105,
      "val_f1": 0.7243503358285059,
      "val_auc_fused": 0.9263389303989105,
      "val_auc_ecg": 0.924950786516904,
      "val_delta_meta": 0.0005543153541474055,
      "w_fused": 1.0,
      "lr": 0.0005005000000000001
    },
    {
      "epoch": 6,
      "train_loss": 0.4122966993292537,
      "val_auc": 0.9255990155816841,
      "val_f1": 0.7349764317061128,
      "val_auc_fused": 0.9255990155816841,
      "val_auc_ecg": 0.9244887840066351,
      "val_delta_meta": 0.0005636554012656836,
      "w_fused": 1.0,
      "lr": 0.0003461460113097139
    },
    {
      "epoch": 7,
      "train_loss": 0.3935759160496773,
      "val_auc": 0.9279244892663734,
      "val_f1": 0.743523572635622,
      "val_auc_fused": 0.9279244892663734,
      "val_auc_ecg": 0.9273100687193315,
      "val_delta_meta": 0.0003634924050498478,
      "w_fused": 1.0,
      "lr": 0.00020690126647990973
    },
    {
      "epoch": 8,
      "train_loss": 0.3758524987949144,
      "val_auc": 0.9206631441340505,
      "val_f1": 0.7173451926777833,
      "val_auc_fused": 0.9206631441340505,
      "val_auc_ecg": 0.91975879527829,
      "val_delta_meta": 0.0008748598291423715,
      "w_fused": 1.0,
      "lr": 9.639601130971382e-05
    },
    {
      "epoch": 9,
      "train_loss": 0.358117567672642,
      "val_auc": 0.931051504720393,
      "val_f1": 0.7509914411790437,
      "val_auc_fused": 0.931051504720393,
      "val_auc_ecg": 0.9307105948654776,
      "val_delta_meta": 0.0003796352996221497,
      "w_fused": 1.0,
      "lr": 2.5447270110570814e-05
    },
    {
      "epoch": 10,
      "train_loss": 0.35052785047697366,
      "val_auc": 0.9325100590055259,
      "val_f1": 0.7504635928155439,
      "val_auc_fused": 0.9325100590055259,
      "val_auc_ecg": 0.9322567972989159,
      "val_delta_meta": 0.00042606655018739836,
      "w_fused": 1.0,
      "lr": 0.001
    }
  ]
}